lat,lon,patch_idx
40.786723,-73.982847,ny_0
40.785545,-73.982847,ny_1
40.784367,-73.982847,ny_2
40.783189,-73.982847,ny_3
40.782011,-73.982847,ny_4
40.780833,-73.982847,ny_5
40.779655,-73.982847,ny_6
40.778477,-73.982847,ny_7
40.777299,-73.982847,ny_8
40.776121,-73.982847,ny_9
40.774943,-73.982847,ny_10
40.773765,-73.982847,ny_11
40.772587,-73.982847,ny_12
40.771409,-73.982847,ny_13
40.770231,-73.982847,ny_14
40.769052,-73.982847,ny_15
40.767874,-73.982847,ny_16
40.766696,-73.982847,ny_17
40.765518,-73.982847,ny_18
40.764339,-73.982847,ny_19
40.763161,-73.982847,ny_20
40.761983,-73.982847,ny_21
40.760805,-73.982847,ny_22
40.759626,-73.982847,ny_23
40.758448,-73.982847,ny_24
40.757269,-73.982847,ny_25
40.756091,-73.982847,ny_26
40.754913,-73.982847,ny_27
40.753734,-73.982847,ny_28
40.752556,-73.982847,ny_29
40.751377,-73.982847,ny_30
40.750199,-73.982847,ny_31
40.74902,-73.982847,ny_32
40.747842,-73.982847,ny_33
40.746663,-73.982847,ny_34
40.745484,-73.982847,ny_35
40.744306,-73.982847,ny_36
40.786723,-73.981278,ny_37
40.785545,-73.981278,ny_38
40.784367,-73.981278,ny_39
40.783189,-73.981278,ny_40
40.782011,-73.981278,ny_41
40.780833,-73.981278,ny_42
40.779655,-73.981278,ny_43
40.778477,-73.981278,ny_44
40.777299,-73.981278,ny_45
40.776121,-73.981278,ny_46
40.774943,-73.981278,ny_47
40.773765,-73.981278,ny_48
40.772587,-73.981278,ny_49
40.771409,-73.981278,ny_50
40.770231,-73.981278,ny_51
40.769052,-73.981278,ny_52
40.767874,-73.981278,ny_53
40.766696,-73.981278,ny_54
40.765518,-73.981278,ny_55
40.764339,-73.981278,ny_56
40.763161,-73.981278,ny_57
40.761983,-73.981278,ny_58
40.760805,-73.981278,ny_59
40.759626,-73.981278,ny_60
40.758448,-73.981278,ny_61
40.757269,-73.981278,ny_62
40.756091,-73.981278,ny_63
40.754913,-73.981278,ny_64
40.753734,-73.981278,ny_65
40.752556,-73.981278,ny_66
40.751377,-73.981278,ny_67
40.750199,-73.981278,ny_68
40.74902,-73.981278,ny_69
40.747842,-73.981278,ny_70
40.746663,-73.981278,ny_71
40.745484,-73.981278,ny_72
40.744306,-73.981278,ny_73
40.786723,-73.979709,ny_74
40.785545,-73.979709,ny_75
40.784367,-73.979709,ny_76
40.783189,-73.979709,ny_77
40.782011,-73.979709,ny_78
40.780833,-73.979709,ny_79
40.779655,-73.979709,ny_80
40.778477,-73.979709,ny_81
40.777299,-73.979709,ny_82
40.776121,-73.979709,ny_83
40.774943,-73.979709,ny_84
40.773765,-73.979709,ny_85
40.772587,-73.979709,ny_86
40.771409,-73.979709,ny_87
40.770231,-73.979709,ny_88
40.769052,-73.979709,ny_89
40.767874,-73.979709,ny_90
40.766696,-73.979709,ny_91
40.765518,-73.979709,ny_92
40.764339,-73.979709,ny_93
40.763161,-73.979709,ny_94
40.761983,-73.979709,ny_95
40.760805,-73.979709,ny_96
40.759626,-73.979709,ny_97
40.758448,-73.979709,ny_98
40.757269,-73.979709,ny_99
40.756091,-73.979709,ny_100
40.754913,-73.979709,ny_101
40.753734,-73.979709,ny_102
40.752556,-73.979709,ny_103
40.751377,-73.979709,ny_104
40.750199,-73.979709,ny_105
40.74902,-73.979709,ny_106
40.747842,-73.979709,ny_107
40.746663,-73.979709,ny_108
40.745484,-73.979709,ny_109
40.744306,-73.979709,ny_110
40.786723,-73.97814,ny_111
40.785545,-73.97814,ny_112
40.784367,-73.97814,ny_113
40.783189,-73.97814,ny_114
40.782011,-73.97814,ny_115
40.780833,-73.97814,ny_116
40.779655,-73.97814,ny_117
40.778477,-73.97814,ny_118
40.777299,-73.97814,ny_119
40.776121,-73.97814,ny_120
40.774943,-73.97814,ny_121
40.773765,-73.97814,ny_122
40.772587,-73.97814,ny_123
40.771409,-73.97814,ny_124
40.770231,-73.97814,ny_125
40.769052,-73.97814,ny_126
40.767874,-73.97814,ny_127
40.766696,-73.97814,ny_128
40.765518,-73.97814,ny_129
40.764339,-73.97814,ny_130
40.763161,-73.97814,ny_131
40.761983,-73.97814,ny_132
40.760805,-73.97814,ny_133
40.759626,-73.97814,ny_134
40.758448,-73.97814,ny_135
40.757269,-73.97814,ny_136
40.756091,-73.97814,ny_137
40.754913,-73.97814,ny_138
40.753734,-73.97814,ny_139
40.752556,-73.97814,ny_140
40.751377,-73.97814,ny_141
40.750199,-73.97814,ny_142
40.74902,-73.97814,ny_143
40.747842,-73.97814,ny_144
40.746663,-73.97814,ny_145
40.745484,-73.97814,ny_146
40.744306,-73.97814,ny_147
40.786723,-73.976571,ny_148
40.785545,-73.976571,ny_149
40.784367,-73.976571,ny_150
40.783189,-73.976571,ny_151
40.782011,-73.976571,ny_152
40.780833,-73.976571,ny_153
40.779655,-73.976571,ny_154
40.778477,-73.976571,ny_155
40.777299,-73.976571,ny_156
40.776121,-73.976571,ny_157
40.774943,-73.976571,ny_158
40.773765,-73.976571,ny_159
40.772587,-73.976571,ny_160
40.771409,-73.976571,ny_161
40.770231,-73.976571,ny_162
40.769052,-73.976571,ny_163
40.767874,-73.976571,ny_164
40.766696,-73.976571,ny_165
40.765518,-73.976571,ny_166
40.764339,-73.976571,ny_167
40.763161,-73.976571,ny_168
40.761983,-73.976571,ny_169
40.760805,-73.976571,ny_170
40.759626,-73.976571,ny_171
40.758448,-73.976571,ny_172
40.757269,-73.976571,ny_173
40.756091,-73.976571,ny_174
40.754913,-73.976571,ny_175
40.753734,-73.976571,ny_176
40.752556,-73.976571,ny_177
40.751377,-73.976571,ny_178
40.750199,-73.976571,ny_179
40.74902,-73.976571,ny_180
40.747842,-73.976571,ny_181
40.746663,-73.976571,ny_182
40.745484,-73.976571,ny_183
40.744306,-73.976571,ny_184
40.786723,-73.975002,ny_185
40.785545,-73.975002,ny_186
40.784367,-73.975002,ny_187
40.783189,-73.975002,ny_188
40.782011,-73.975002,ny_189
40.780833,-73.975002,ny_190
40.779655,-73.975002,ny_191
40.778477,-73.975002,ny_192
40.777299,-73.975002,ny_193
40.776121,-73.975002,ny_194
40.774943,-73.975002,ny_195
40.773765,-73.975002,ny_196
40.772587,-73.975002,ny_197
40.771409,-73.975002,ny_198
40.770231,-73.975002,ny_199
40.769052,-73.975002,ny_200
40.767874,-73.975002,ny_201
40.766696,-73.975002,ny_202
40.765518,-73.975002,ny_203
40.764339,-73.975002,ny_204
40.763161,-73.975002,ny_205
40.761983,-73.975002,ny_206
40.760805,-73.975002,ny_207
40.759626,-73.975002,ny_208
40.758448,-73.975002,ny_209
40.757269,-73.975002,ny_210
40.756091,-73.975002,ny_211
40.754913,-73.975002,ny_212
40.753734,-73.975002,ny_213
40.752556,-73.975002,ny_214
40.751377,-73.975002,ny_215
40.750199,-73.975002,ny_216
40.74902,-73.975002,ny_217
40.747842,-73.975002,ny_218
40.746663,-73.975002,ny_219
40.745484,-73.975002,ny_220
40.744306,-73.975002,ny_221
40.786723,-73.973433,ny_222
40.785545,-73.973433,ny_223
40.784367,-73.973433,ny_224
40.783189,-73.973433,ny_225
40.782011,-73.973433,ny_226
40.780833,-73.973433,ny_227
40.779655,-73.973433,ny_228
40.778477,-73.973433,ny_229
40.777299,-73.973433,ny_230
40.776121,-73.973433,ny_231
40.774943,-73.973433,ny_232
40.773765,-73.973433,ny_233
40.772587,-73.973433,ny_234
40.771409,-73.973433,ny_235
40.770231,-73.973433,ny_236
40.769052,-73.973433,ny_237
40.767874,-73.973433,ny_238
40.766696,-73.973433,ny_239
40.765518,-73.973433,ny_240
40.764339,-73.973433,ny_241
40.763161,-73.973433,ny_242
40.761983,-73.973433,ny_243
40.760805,-73.973433,ny_244
40.759626,-73.973433,ny_245
40.758448,-73.973433,ny_246
40.757269,-73.973433,ny_247
40.756091,-73.973433,ny_248
40.754913,-73.973433,ny_249
40.753734,-73.973433,ny_250
40.752556,-73.973433,ny_251
40.751377,-73.973433,ny_252
40.750199,-73.973433,ny_253
40.74902,-73.973433,ny_254
40.747842,-73.973433,ny_255
40.746663,-73.973433,ny_256
40.745484,-73.973433,ny_257
40.744306,-73.973433,ny_258
40.786723,-73.971864,ny_259
40.785545,-73.971864,ny_260
40.784367,-73.971864,ny_261
40.783189,-73.971864,ny_262
40.782011,-73.971864,ny_263
40.780833,-73.971864,ny_264
40.779655,-73.971864,ny_265
40.778477,-73.971864,ny_266
40.777299,-73.971864,ny_267
40.776121,-73.971864,ny_268
40.774943,-73.971864,ny_269
40.773765,-73.971864,ny_270
40.772587,-73.971864,ny_271
40.771409,-73.971864,ny_272
40.770231,-73.971864,ny_273
40.769052,-73.971864,ny_274
40.767874,-73.971864,ny_275
40.766696,-73.971864,ny_276
40.765518,-73.971864,ny_277
40.764339,-73.971864,ny_278
40.763161,-73.971864,ny_279
40.761983,-73.971864,ny_280
40.760805,-73.971864,ny_281
40.759626,-73.971864,ny_282
40.758448,-73.971864,ny_283
40.757269,-73.971864,ny_284
40.756091,-73.971864,ny_285
40.754913,-73.971864,ny_286
40.753734,-73.971864,ny_287
40.752556,-73.971864,ny_288
40.751377,-73.971864,ny_289
40.750199,-73.971864,ny_290
40.74902,-73.971864,ny_291
40.747842,-73.971864,ny_292
40.746663,-73.971864,ny_293
40.745484,-73.971864,ny_294
40.744306,-73.971864,ny_295
40.786723,-73.970295,ny_296
40.785545,-73.970295,ny_297
40.784367,-73.970295,ny_298
40.783189,-73.970295,ny_299
40.782011,-73.970295,ny_300
40.780833,-73.970295,ny_301
40.779655,-73.970295,ny_302
40.778477,-73.970295,ny_303
40.777299,-73.970295,ny_304
40.776121,-73.970295,ny_305
40.774943,-73.970295,ny_306
40.773765,-73.970295,ny_307
40.772587,-73.970295,ny_308
40.771409,-73.970295,ny_309
40.770231,-73.970295,ny_310
40.769052,-73.970295,ny_311
40.767874,-73.970295,ny_312
40.766696,-73.970295,ny_313
40.765518,-73.970295,ny_314
40.764339,-73.970295,ny_315
40.763161,-73.970295,ny_316
40.761983,-73.970295,ny_317
40.760805,-73.970295,ny_318
40.759626,-73.970295,ny_319
40.758448,-73.970295,ny_320
40.757269,-73.970295,ny_321
40.756091,-73.970295,ny_322
40.754913,-73.970295,ny_323
40.753734,-73.970295,ny_324
40.752556,-73.970295,ny_325
40.751377,-73.970295,ny_326
40.750199,-73.970295,ny_327
40.74902,-73.970295,ny_328
40.747842,-73.970295,ny_329
40.746663,-73.970295,ny_330
40.745484,-73.970295,ny_331
40.744306,-73.970295,ny_332
40.786723,-73.968726,ny_333
40.785545,-73.968726,ny_334
40.784367,-73.968726,ny_335
40.783189,-73.968726,ny_336
40.782011,-73.968726,ny_337
40.780833,-73.968726,ny_338
40.779655,-73.968726,ny_339
40.778477,-73.968726,ny_340
40.777299,-73.968726,ny_341
40.776121,-73.968726,ny_342
40.774943,-73.968726,ny_343
40.773765,-73.968726,ny_344
40.772587,-73.968726,ny_345
40.771409,-73.968726,ny_346
40.770231,-73.968726,ny_347
40.769052,-73.968726,ny_348
40.767874,-73.968726,ny_349
40.766696,-73.968726,ny_350
40.765518,-73.968726,ny_351
40.764339,-73.968726,ny_352
40.763161,-73.968726,ny_353
40.761983,-73.968726,ny_354
40.760805,-73.968726,ny_355
40.759626,-73.968726,ny_356
40.758448,-73.968726,ny_357
40.757269,-73.968726,ny_358
40.756091,-73.968726,ny_359
40.754913,-73.968726,ny_360
40.753734,-73.968726,ny_361
40.752556,-73.968726,ny_362
40.751377,-73.968726,ny_363
40.750199,-73.968726,ny_364
40.74902,-73.968726,ny_365
40.747842,-73.968726,ny_366
40.746663,-73.968726,ny_367
40.745484,-73.968726,ny_368
40.744306,-73.968726,ny_369
40.786723,-73.967157,ny_370
40.785545,-73.967157,ny_371
40.784367,-73.967157,ny_372
40.783189,-73.967157,ny_373
40.782011,-73.967157,ny_374
40.780833,-73.967157,ny_375
40.779655,-73.967157,ny_376
40.778477,-73.967157,ny_377
40.777299,-73.967157,ny_378
40.776121,-73.967157,ny_379
40.774943,-73.967157,ny_380
40.773765,-73.967157,ny_381
40.772587,-73.967157,ny_382
40.771409,-73.967157,ny_383
40.770231,-73.967157,ny_384
40.769052,-73.967157,ny_385
40.767874,-73.967157,ny_386
40.766696,-73.967157,ny_387
40.765518,-73.967157,ny_388
40.764339,-73.967157,ny_389
40.763161,-73.967157,ny_390
40.761983,-73.967157,ny_391
40.760805,-73.967157,ny_392
40.759626,-73.967157,ny_393
40.758448,-73.967157,ny_394
40.757269,-73.967157,ny_395
40.756091,-73.967157,ny_396
40.754913,-73.967157,ny_397
40.753734,-73.967157,ny_398
40.752556,-73.967157,ny_399
40.751377,-73.967157,ny_400
40.750199,-73.967157,ny_401
40.74902,-73.967157,ny_402
40.747842,-73.967157,ny_403
40.746663,-73.967157,ny_404
40.745484,-73.967157,ny_405
40.744306,-73.967157,ny_406
40.786723,-73.965587,ny_407
40.785545,-73.965587,ny_408
40.784367,-73.965587,ny_409
40.783189,-73.965587,ny_410
40.782011,-73.965587,ny_411
40.780833,-73.965587,ny_412
40.779655,-73.965587,ny_413
40.778477,-73.965587,ny_414
40.777299,-73.965587,ny_415
40.776121,-73.965587,ny_416
40.774943,-73.965587,ny_417
40.773765,-73.965587,ny_418
40.772587,-73.965587,ny_419
40.771409,-73.965587,ny_420
40.770231,-73.965587,ny_421
40.769052,-73.965587,ny_422
40.767874,-73.965587,ny_423
40.766696,-73.965587,ny_424
40.765518,-73.965587,ny_425
40.764339,-73.965587,ny_426
40.763161,-73.965587,ny_427
40.761983,-73.965587,ny_428
40.760805,-73.965587,ny_429
40.759626,-73.965587,ny_430
40.758448,-73.965587,ny_431
40.757269,-73.965587,ny_432
40.756091,-73.965587,ny_433
40.754913,-73.965587,ny_434
40.753734,-73.965587,ny_435
40.752556,-73.965587,ny_436
40.751377,-73.965587,ny_437
40.750199,-73.965587,ny_438
40.74902,-73.965587,ny_439
40.747842,-73.965587,ny_440
40.746663,-73.965587,ny_441
40.745484,-73.965587,ny_442
40.744306,-73.965587,ny_443
40.786723,-73.964018,ny_444
40.785545,-73.964018,ny_445
40.784367,-73.964018,ny_446
40.783189,-73.964018,ny_447
40.782011,-73.964018,ny_448
40.780833,-73.964018,ny_449
40.779655,-73.964018,ny_450
40.778477,-73.964018,ny_451
40.777299,-73.964018,ny_452
40.776121,-73.964018,ny_453
40.774943,-73.964018,ny_454
40.773765,-73.964018,ny_455
40.772587,-73.964018,ny_456
40.771409,-73.964018,ny_457
40.770231,-73.964018,ny_458
40.769052,-73.964018,ny_459
40.767874,-73.964018,ny_460
40.766696,-73.964018,ny_461
40.765518,-73.964018,ny_462
40.764339,-73.964018,ny_463
40.763161,-73.964018,ny_464
40.761983,-73.964018,ny_465
40.760805,-73.964018,ny_466
40.759626,-73.964018,ny_467
40.758448,-73.964018,ny_468
40.757269,-73.964018,ny_469
40.756091,-73.964018,ny_470
40.754913,-73.964018,ny_471
40.753734,-73.964018,ny_472
40.752556,-73.964018,ny_473
40.751377,-73.964018,ny_474
40.750199,-73.964018,ny_475
40.74902,-73.964018,ny_476
40.747842,-73.964018,ny_477
40.746663,-73.964018,ny_478
40.745484,-73.964018,ny_479
40.744306,-73.964018,ny_480
40.786723,-73.962449,ny_481
40.785545,-73.962449,ny_482
40.784367,-73.962449,ny_483
40.783189,-73.962449,ny_484
40.782011,-73.962449,ny_485
40.780833,-73.962449,ny_486
40.779655,-73.962449,ny_487
40.778477,-73.962449,ny_488
40.777299,-73.962449,ny_489
40.776121,-73.962449,ny_490
40.774943,-73.962449,ny_491
40.773765,-73.962449,ny_492
40.772587,-73.962449,ny_493
40.771409,-73.962449,ny_494
40.770231,-73.962449,ny_495
40.769052,-73.962449,ny_496
40.767874,-73.962449,ny_497
40.766696,-73.962449,ny_498
40.765518,-73.962449,ny_499
40.764339,-73.962449,ny_500
40.763161,-73.962449,ny_501
40.761983,-73.962449,ny_502
40.760805,-73.962449,ny_503
40.759626,-73.962449,ny_504
40.758448,-73.962449,ny_505
40.757269,-73.962449,ny_506
40.756091,-73.962449,ny_507
40.754913,-73.962449,ny_508
40.753734,-73.962449,ny_509
40.752556,-73.962449,ny_510
40.751377,-73.962449,ny_511
40.750199,-73.962449,ny_512
40.74902,-73.962449,ny_513
40.747842,-73.962449,ny_514
40.746663,-73.962449,ny_515
40.745484,-73.962449,ny_516
40.744306,-73.962449,ny_517
40.786723,-73.96088,ny_518
40.785545,-73.96088,ny_519
40.784367,-73.96088,ny_520
40.783189,-73.96088,ny_521
40.782011,-73.96088,ny_522
40.780833,-73.96088,ny_523
40.779655,-73.96088,ny_524
40.778477,-73.96088,ny_525
40.777299,-73.96088,ny_526
40.776121,-73.96088,ny_527
40.774943,-73.96088,ny_528
40.773765,-73.96088,ny_529
40.772587,-73.96088,ny_530
40.771409,-73.96088,ny_531
40.770231,-73.96088,ny_532
40.769052,-73.96088,ny_533
40.767874,-73.96088,ny_534
40.766696,-73.96088,ny_535
40.765518,-73.96088,ny_536
40.764339,-73.96088,ny_537
40.763161,-73.96088,ny_538
40.761983,-73.96088,ny_539
40.760805,-73.96088,ny_540
40.759626,-73.96088,ny_541
40.758448,-73.96088,ny_542
40.757269,-73.96088,ny_543
40.756091,-73.96088,ny_544
40.754913,-73.96088,ny_545
40.753734,-73.96088,ny_546
40.752556,-73.96088,ny_547
40.751377,-73.96088,ny_548
40.750199,-73.96088,ny_549
40.74902,-73.96088,ny_550
40.747842,-73.96088,ny_551
40.746663,-73.96088,ny_552
40.745484,-73.96088,ny_553
40.744306,-73.96088,ny_554
40.786723,-73.959311,ny_555
40.785545,-73.959311,ny_556
40.784367,-73.959311,ny_557
40.783189,-73.959311,ny_558
40.782011,-73.959311,ny_559
40.780833,-73.959311,ny_560
40.779655,-73.959311,ny_561
40.778477,-73.959311,ny_562
40.777299,-73.959311,ny_563
40.776121,-73.959311,ny_564
40.774943,-73.959311,ny_565
40.773765,-73.959311,ny_566
40.772587,-73.959311,ny_567
40.771409,-73.959311,ny_568
40.770231,-73.959311,ny_569
40.769052,-73.959311,ny_570
40.767874,-73.959311,ny_571
40.766696,-73.959311,ny_572
40.765518,-73.959311,ny_573
40.764339,-73.959311,ny_574
40.763161,-73.959311,ny_575
40.761983,-73.959311,ny_576
40.760805,-73.959311,ny_577
40.759626,-73.959311,ny_578
40.758448,-73.959311,ny_579
40.757269,-73.959311,ny_580
40.756091,-73.959311,ny_581
40.754913,-73.959311,ny_582
40.753734,-73.959311,ny_583
40.752556,-73.959311,ny_584
40.751377,-73.959311,ny_585
40.750199,-73.959311,ny_586
40.74902,-73.959311,ny_587
40.747842,-73.959311,ny_588
40.746663,-73.959311,ny_589
40.745484,-73.959311,ny_590
40.744306,-73.959311,ny_591
40.786723,-73.957742,ny_592
40.785545,-73.957742,ny_593
40.784367,-73.957742,ny_594
40.783189,-73.957742,ny_595
40.782011,-73.957742,ny_596
40.780833,-73.957742,ny_597
40.779655,-73.957742,ny_598
40.778477,-73.957742,ny_599
40.777299,-73.957742,ny_600
40.776121,-73.957742,ny_601
40.774943,-73.957742,ny_602
40.773765,-73.957742,ny_603
40.772587,-73.957742,ny_604
40.771409,-73.957742,ny_605
40.770231,-73.957742,ny_606
40.769052,-73.957742,ny_607
40.767874,-73.957742,ny_608
40.766696,-73.957742,ny_609
40.765518,-73.957742,ny_610
40.764339,-73.957742,ny_611
40.763161,-73.957742,ny_612
40.761983,-73.957742,ny_613
40.760805,-73.957742,ny_614
40.759626,-73.957742,ny_615
40.758448,-73.957742,ny_616
40.757269,-73.957742,ny_617
40.756091,-73.957742,ny_618
40.754913,-73.957742,ny_619
40.753734,-73.957742,ny_620
40.752556,-73.957742,ny_621
40.751377,-73.957742,ny_622
40.750199,-73.957742,ny_623
40.74902,-73.957742,ny_624
40.747842,-73.957742,ny_625
40.746663,-73.957742,ny_626
40.745484,-73.957742,ny_627
40.744306,-73.957742,ny_628
40.786723,-73.956173,ny_629
40.785545,-73.956173,ny_630
40.784367,-73.956173,ny_631
40.783189,-73.956173,ny_632
40.782011,-73.956173,ny_633
40.780833,-73.956173,ny_634
40.779655,-73.956173,ny_635
40.778477,-73.956173,ny_636
40.777299,-73.956173,ny_637
40.776121,-73.956173,ny_638
40.774943,-73.956173,ny_639
40.773765,-73.956173,ny_640
40.772587,-73.956173,ny_641
40.771409,-73.956173,ny_642
40.770231,-73.956173,ny_643
40.769052,-73.956173,ny_644
40.767874,-73.956173,ny_645
40.766696,-73.956173,ny_646
40.765518,-73.956173,ny_647
40.764339,-73.956173,ny_648
40.763161,-73.956173,ny_649
40.761983,-73.956173,ny_650
40.760805,-73.956173,ny_651
40.759626,-73.956173,ny_652
40.758448,-73.956173,ny_653
40.757269,-73.956173,ny_654
40.756091,-73.956173,ny_655
40.754913,-73.956173,ny_656
40.753734,-73.956173,ny_657
40.752556,-73.956173,ny_658
40.751377,-73.956173,ny_659
40.750199,-73.956173,ny_660
40.74902,-73.956173,ny_661
40.747842,-73.956173,ny_662
40.746663,-73.956173,ny_663
40.745484,-73.956173,ny_664
40.744306,-73.956173,ny_665
40.786723,-73.954604,ny_666
40.785545,-73.954604,ny_667
40.784367,-73.954604,ny_668
40.783189,-73.954604,ny_669
40.782011,-73.954604,ny_670
40.780833,-73.954604,ny_671
40.779655,-73.954604,ny_672
40.778477,-73.954604,ny_673
40.777299,-73.954604,ny_674
40.776121,-73.954604,ny_675
40.774943,-73.954604,ny_676
40.773765,-73.954604,ny_677
40.772587,-73.954604,ny_678
40.771409,-73.954604,ny_679
40.770231,-73.954604,ny_680
40.769052,-73.954604,ny_681
40.767874,-73.954604,ny_682
40.766696,-73.954604,ny_683
40.765518,-73.954604,ny_684
40.764339,-73.954604,ny_685
40.763161,-73.954604,ny_686
40.761983,-73.954604,ny_687
40.760805,-73.954604,ny_688
40.759626,-73.954604,ny_689
40.758448,-73.954604,ny_690
40.757269,-73.954604,ny_691
40.756091,-73.954604,ny_692
40.754913,-73.954604,ny_693
40.753734,-73.954604,ny_694
40.752556,-73.954604,ny_695
40.751377,-73.954604,ny_696
40.750199,-73.954604,ny_697
40.74902,-73.954604,ny_698
40.747842,-73.954604,ny_699
40.746663,-73.954604,ny_700
40.745484,-73.954604,ny_701
40.744306,-73.954604,ny_702
40.786723,-73.953035,ny_703
40.785545,-73.953035,ny_704
40.784367,-73.953035,ny_705
40.783189,-73.953035,ny_706
40.782011,-73.953035,ny_707
40.780833,-73.953035,ny_708
40.779655,-73.953035,ny_709
40.778477,-73.953035,ny_710
40.777299,-73.953035,ny_711
40.776121,-73.953035,ny_712
40.774943,-73.953035,ny_713
40.773765,-73.953035,ny_714
40.772587,-73.953035,ny_715
40.771409,-73.953035,ny_716
40.770231,-73.953035,ny_717
40.769052,-73.953035,ny_718
40.767874,-73.953035,ny_719
40.766696,-73.953035,ny_720
40.765518,-73.953035,ny_721
40.764339,-73.953035,ny_722
40.763161,-73.953035,ny_723
40.761983,-73.953035,ny_724
40.760805,-73.953035,ny_725
40.759626,-73.953035,ny_726
40.758448,-73.953035,ny_727
40.757269,-73.953035,ny_728
40.756091,-73.953035,ny_729
40.754913,-73.953035,ny_730
40.753734,-73.953035,ny_731
40.752556,-73.953035,ny_732
40.751377,-73.953035,ny_733
40.750199,-73.953035,ny_734
40.74902,-73.953035,ny_735
40.747842,-73.953035,ny_736
40.746663,-73.953035,ny_737
40.745484,-73.953035,ny_738
40.744306,-73.953035,ny_739
40.786723,-73.951466,ny_740
40.785545,-73.951466,ny_741
40.784367,-73.951466,ny_742
40.783189,-73.951466,ny_743
40.782011,-73.951466,ny_744
40.780833,-73.951466,ny_745
40.779655,-73.951466,ny_746
40.778477,-73.951466,ny_747
40.777299,-73.951466,ny_748
40.776121,-73.951466,ny_749
40.774943,-73.951466,ny_750
40.773765,-73.951466,ny_751
40.772587,-73.951466,ny_752
40.771409,-73.951466,ny_753
40.770231,-73.951466,ny_754
40.769052,-73.951466,ny_755
40.767874,-73.951466,ny_756
40.766696,-73.951466,ny_757
40.765518,-73.951466,ny_758
40.764339,-73.951466,ny_759
40.763161,-73.951466,ny_760
40.761983,-73.951466,ny_761
40.760805,-73.951466,ny_762
40.759626,-73.951466,ny_763
40.758448,-73.951466,ny_764
40.757269,-73.951466,ny_765
40.756091,-73.951466,ny_766
40.754913,-73.951466,ny_767
40.753734,-73.951466,ny_768
40.752556,-73.951466,ny_769
40.751377,-73.951466,ny_770
40.750199,-73.951466,ny_771
40.74902,-73.951466,ny_772
40.747842,-73.951466,ny_773
40.746663,-73.951466,ny_774
40.745484,-73.951466,ny_775
40.744306,-73.951466,ny_776
40.786723,-73.949897,ny_777
40.785545,-73.949897,ny_778
40.784367,-73.949897,ny_779
40.783189,-73.949897,ny_780
40.782011,-73.949897,ny_781
40.780833,-73.949897,ny_782
40.779655,-73.949897,ny_783
40.778477,-73.949897,ny_784
40.777299,-73.949897,ny_785
40.776121,-73.949897,ny_786
40.774943,-73.949897,ny_787
40.773765,-73.949897,ny_788
40.772587,-73.949897,ny_789
40.771409,-73.949897,ny_790
40.770231,-73.949897,ny_791
40.769052,-73.949897,ny_792
40.767874,-73.949897,ny_793
40.766696,-73.949897,ny_794
40.765518,-73.949897,ny_795
40.764339,-73.949897,ny_796
40.763161,-73.949897,ny_797
40.761983,-73.949897,ny_798
40.760805,-73.949897,ny_799
40.759626,-73.949897,ny_800
40.758448,-73.949897,ny_801
40.757269,-73.949897,ny_802
40.756091,-73.949897,ny_803
40.754913,-73.949897,ny_804
40.753734,-73.949897,ny_805
40.752556,-73.949897,ny_806
40.751377,-73.949897,ny_807
40.750199,-73.949897,ny_808
40.74902,-73.949897,ny_809
40.747842,-73.949897,ny_810
40.746663,-73.949897,ny_811
40.745484,-73.949897,ny_812
40.744306,-73.949897,ny_813
40.786723,-73.948327,ny_814
40.785545,-73.948327,ny_815
40.784367,-73.948327,ny_816
40.783189,-73.948327,ny_817
40.782011,-73.948327,ny_818
40.780833,-73.948327,ny_819
40.779655,-73.948327,ny_820
40.778477,-73.948327,ny_821
40.777299,-73.948327,ny_822
40.776121,-73.948327,ny_823
40.774943,-73.948327,ny_824
40.773765,-73.948327,ny_825
40.772587,-73.948327,ny_826
40.771409,-73.948327,ny_827
40.770231,-73.948327,ny_828
40.769052,-73.948327,ny_829
40.767874,-73.948327,ny_830
40.766696,-73.948327,ny_831
40.765518,-73.948327,ny_832
40.764339,-73.948327,ny_833
40.763161,-73.948327,ny_834
40.761983,-73.948327,ny_835
40.760805,-73.948327,ny_836
40.759626,-73.948327,ny_837
40.758448,-73.948327,ny_838
40.757269,-73.948327,ny_839
40.756091,-73.948327,ny_840
40.754913,-73.948327,ny_841
40.753734,-73.948327,ny_842
40.752556,-73.948327,ny_843
40.751377,-73.948327,ny_844
40.750199,-73.948327,ny_845
40.74902,-73.948327,ny_846
40.747842,-73.948327,ny_847
40.746663,-73.948327,ny_848
40.745484,-73.948327,ny_849
40.744306,-73.948327,ny_850
40.786723,-73.946758,ny_851
40.785545,-73.946758,ny_852
40.784367,-73.946758,ny_853
40.783189,-73.946758,ny_854
40.782011,-73.946758,ny_855
40.780833,-73.946758,ny_856
40.779655,-73.946758,ny_857
40.778477,-73.946758,ny_858
40.777299,-73.946758,ny_859
40.776121,-73.946758,ny_860
40.774943,-73.946758,ny_861
40.773765,-73.946758,ny_862
40.772587,-73.946758,ny_863
40.771409,-73.946758,ny_864
40.770231,-73.946758,ny_865
40.769052,-73.946758,ny_866
40.767874,-73.946758,ny_867
40.766696,-73.946758,ny_868
40.765518,-73.946758,ny_869
40.764339,-73.946758,ny_870
40.763161,-73.946758,ny_871
40.761983,-73.946758,ny_872
40.760805,-73.946758,ny_873
40.759626,-73.946758,ny_874
40.758448,-73.946758,ny_875
40.757269,-73.946758,ny_876
40.756091,-73.946758,ny_877
40.754913,-73.946758,ny_878
40.753734,-73.946758,ny_879
40.752556,-73.946758,ny_880
40.751377,-73.946758,ny_881
40.750199,-73.946758,ny_882
40.74902,-73.946758,ny_883
40.747842,-73.946758,ny_884
40.746663,-73.946758,ny_885
40.745484,-73.946758,ny_886
40.744306,-73.946758,ny_887
40.786723,-73.945189,ny_888
40.785545,-73.945189,ny_889
40.784367,-73.945189,ny_890
40.783189,-73.945189,ny_891
40.782011,-73.945189,ny_892
40.780833,-73.945189,ny_893
40.779655,-73.945189,ny_894
40.778477,-73.945189,ny_895
40.777299,-73.945189,ny_896
40.776121,-73.945189,ny_897
40.774943,-73.945189,ny_898
40.773765,-73.945189,ny_899
40.772587,-73.945189,ny_900
40.771409,-73.945189,ny_901
40.770231,-73.945189,ny_902
40.769052,-73.945189,ny_903
40.767874,-73.945189,ny_904
40.766696,-73.945189,ny_905
40.765518,-73.945189,ny_906
40.764339,-73.945189,ny_907
40.763161,-73.945189,ny_908
40.761983,-73.945189,ny_909
40.760805,-73.945189,ny_910
40.759626,-73.945189,ny_911
40.758448,-73.945189,ny_912
40.757269,-73.945189,ny_913
40.756091,-73.945189,ny_914
40.754913,-73.945189,ny_915
40.753734,-73.945189,ny_916
40.752556,-73.945189,ny_917
40.751377,-73.945189,ny_918
40.750199,-73.945189,ny_919
40.74902,-73.945189,ny_920
40.747842,-73.945189,ny_921
40.746663,-73.945189,ny_922
40.745484,-73.945189,ny_923
40.744306,-73.945189,ny_924
40.786723,-73.94362,ny_925
40.785545,-73.94362,ny_926
40.784367,-73.94362,ny_927
40.783189,-73.94362,ny_928
40.782011,-73.94362,ny_929
40.780833,-73.94362,ny_930
40.779655,-73.94362,ny_931
40.778477,-73.94362,ny_932
40.777299,-73.94362,ny_933
40.776121,-73.94362,ny_934
40.774943,-73.94362,ny_935
40.773765,-73.94362,ny_936
40.772587,-73.94362,ny_937
40.771409,-73.94362,ny_938
40.770231,-73.94362,ny_939
40.769052,-73.94362,ny_940
40.767874,-73.94362,ny_941
40.766696,-73.94362,ny_942
40.765518,-73.94362,ny_943
40.764339,-73.94362,ny_944
40.763161,-73.94362,ny_945
40.761983,-73.94362,ny_946
40.760805,-73.94362,ny_947
40.759626,-73.94362,ny_948
40.758448,-73.94362,ny_949
40.757269,-73.94362,ny_950
40.756091,-73.94362,ny_951
40.754913,-73.94362,ny_952
40.753734,-73.94362,ny_953
40.752556,-73.94362,ny_954
40.751377,-73.94362,ny_955
40.750199,-73.94362,ny_956
40.74902,-73.94362,ny_957
40.747842,-73.94362,ny_958
40.746663,-73.94362,ny_959
40.745484,-73.94362,ny_960
40.744306,-73.94362,ny_961
40.786723,-73.942051,ny_962
40.785545,-73.942051,ny_963
40.784367,-73.942051,ny_964
40.783189,-73.942051,ny_965
40.782011,-73.942051,ny_966
40.780833,-73.942051,ny_967
40.779655,-73.942051,ny_968
40.778477,-73.942051,ny_969
40.777299,-73.942051,ny_970
40.776121,-73.942051,ny_971
40.774943,-73.942051,ny_972
40.773765,-73.942051,ny_973
40.772587,-73.942051,ny_974
40.771409,-73.942051,ny_975
40.770231,-73.942051,ny_976
40.769052,-73.942051,ny_977
40.767874,-73.942051,ny_978
40.766696,-73.942051,ny_979
40.765518,-73.942051,ny_980
40.764339,-73.942051,ny_981
40.763161,-73.942051,ny_982
40.761983,-73.942051,ny_983
40.760805,-73.942051,ny_984
40.759626,-73.942051,ny_985
40.758448,-73.942051,ny_986
40.757269,-73.942051,ny_987
40.756091,-73.942051,ny_988
40.754913,-73.942051,ny_989
40.753734,-73.942051,ny_990
40.752556,-73.942051,ny_991
40.751377,-73.942051,ny_992
40.750199,-73.942051,ny_993
40.74902,-73.942051,ny_994
40.747842,-73.942051,ny_995
40.746663,-73.942051,ny_996
40.745484,-73.942051,ny_997
40.744306,-73.942051,ny_998
40.786723,-73.940482,ny_999
40.785545,-73.940482,ny_1000
40.784367,-73.940482,ny_1001
40.783189,-73.940482,ny_1002
40.782011,-73.940482,ny_1003
40.780833,-73.940482,ny_1004
40.779655,-73.940482,ny_1005
40.778477,-73.940482,ny_1006
40.777299,-73.940482,ny_1007
40.776121,-73.940482,ny_1008
40.774943,-73.940482,ny_1009
40.773765,-73.940482,ny_1010
40.772587,-73.940482,ny_1011
40.771409,-73.940482,ny_1012
40.770231,-73.940482,ny_1013
40.769052,-73.940482,ny_1014
40.767874,-73.940482,ny_1015
40.766696,-73.940482,ny_1016
40.765518,-73.940482,ny_1017
40.764339,-73.940482,ny_1018
40.763161,-73.940482,ny_1019
40.761983,-73.940482,ny_1020
40.760805,-73.940482,ny_1021
40.759626,-73.940482,ny_1022
40.758448,-73.940482,ny_1023
40.757269,-73.940482,ny_1024
40.756091,-73.940482,ny_1025
40.754913,-73.940482,ny_1026
40.753734,-73.940482,ny_1027
40.752556,-73.940482,ny_1028
40.751377,-73.940482,ny_1029
40.750199,-73.940482,ny_1030
40.74902,-73.940482,ny_1031
40.747842,-73.940482,ny_1032
40.746663,-73.940482,ny_1033
40.745484,-73.940482,ny_1034
40.744306,-73.940482,ny_1035
40.786723,-73.938913,ny_1036
40.785545,-73.938913,ny_1037
40.784367,-73.938913,ny_1038
40.783189,-73.938913,ny_1039
40.782011,-73.938913,ny_1040
40.780833,-73.938913,ny_1041
40.779655,-73.938913,ny_1042
40.778477,-73.938913,ny_1043
40.777299,-73.938913,ny_1044
40.776121,-73.938913,ny_1045
40.774943,-73.938913,ny_1046
40.773765,-73.938913,ny_1047
40.772587,-73.938913,ny_1048
40.771409,-73.938913,ny_1049
40.770231,-73.938913,ny_1050
40.769052,-73.938913,ny_1051
40.767874,-73.938913,ny_1052
40.766696,-73.938913,ny_1053
40.765518,-73.938913,ny_1054
40.764339,-73.938913,ny_1055
40.763161,-73.938913,ny_1056
40.761983,-73.938913,ny_1057
40.760805,-73.938913,ny_1058
40.759626,-73.938913,ny_1059
40.758448,-73.938913,ny_1060
40.757269,-73.938913,ny_1061
40.756091,-73.938913,ny_1062
40.754913,-73.938913,ny_1063
40.753734,-73.938913,ny_1064
40.752556,-73.938913,ny_1065
40.751377,-73.938913,ny_1066
40.750199,-73.938913,ny_1067
40.74902,-73.938913,ny_1068
40.747842,-73.938913,ny_1069
40.746663,-73.938913,ny_1070
40.745484,-73.938913,ny_1071
40.744306,-73.938913,ny_1072
40.786723,-73.937344,ny_1073
40.785545,-73.937344,ny_1074
40.784367,-73.937344,ny_1075
40.783189,-73.937344,ny_1076
40.782011,-73.937344,ny_1077
40.780833,-73.937344,ny_1078
40.779655,-73.937344,ny_1079
40.778477,-73.937344,ny_1080
40.777299,-73.937344,ny_1081
40.776121,-73.937344,ny_1082
40.774943,-73.937344,ny_1083
40.773765,-73.937344,ny_1084
40.772587,-73.937344,ny_1085
40.771409,-73.937344,ny_1086
40.770231,-73.937344,ny_1087
40.769052,-73.937344,ny_1088
40.767874,-73.937344,ny_1089
40.766696,-73.937344,ny_1090
40.765518,-73.937344,ny_1091
40.764339,-73.937344,ny_1092
40.763161,-73.937344,ny_1093
40.761983,-73.937344,ny_1094
40.760805,-73.937344,ny_1095
40.759626,-73.937344,ny_1096
40.758448,-73.937344,ny_1097
40.757269,-73.937344,ny_1098
40.756091,-73.937344,ny_1099
40.754913,-73.937344,ny_1100
40.753734,-73.937344,ny_1101
40.752556,-73.937344,ny_1102
40.751377,-73.937344,ny_1103
40.750199,-73.937344,ny_1104
40.74902,-73.937344,ny_1105
40.747842,-73.937344,ny_1106
40.746663,-73.937344,ny_1107
40.745484,-73.937344,ny_1108
40.744306,-73.937344,ny_1109
40.786723,-73.935775,ny_1110
40.785545,-73.935775,ny_1111
40.784367,-73.935775,ny_1112
40.783189,-73.935775,ny_1113
40.782011,-73.935775,ny_1114
40.780833,-73.935775,ny_1115
40.779655,-73.935775,ny_1116
40.778477,-73.935775,ny_1117
40.777299,-73.935775,ny_1118
40.776121,-73.935775,ny_1119
40.774943,-73.935775,ny_1120
40.773765,-73.935775,ny_1121
40.772587,-73.935775,ny_1122
40.771409,-73.935775,ny_1123
40.770231,-73.935775,ny_1124
40.769052,-73.935775,ny_1125
40.767874,-73.935775,ny_1126
40.766696,-73.935775,ny_1127
40.765518,-73.935775,ny_1128
40.764339,-73.935775,ny_1129
40.763161,-73.935775,ny_1130
40.761983,-73.935775,ny_1131
40.760805,-73.935775,ny_1132
40.759626,-73.935775,ny_1133
40.758448,-73.935775,ny_1134
40.757269,-73.935775,ny_1135
40.756091,-73.935775,ny_1136
40.754913,-73.935775,ny_1137
40.753734,-73.935775,ny_1138
40.752556,-73.935775,ny_1139
40.751377,-73.935775,ny_1140
40.750199,-73.935775,ny_1141
40.74902,-73.935775,ny_1142
40.747842,-73.935775,ny_1143
40.746663,-73.935775,ny_1144
40.745484,-73.935775,ny_1145
40.744306,-73.935775,ny_1146
40.786723,-73.934206,ny_1147
40.785545,-73.934206,ny_1148
40.784367,-73.934206,ny_1149
40.783189,-73.934206,ny_1150
40.782011,-73.934206,ny_1151
40.780833,-73.934206,ny_1152
40.779655,-73.934206,ny_1153
40.778477,-73.934206,ny_1154
40.777299,-73.934206,ny_1155
40.776121,-73.934206,ny_1156
40.774943,-73.934206,ny_1157
40.773765,-73.934206,ny_1158
40.772587,-73.934206,ny_1159
40.771409,-73.934206,ny_1160
40.770231,-73.934206,ny_1161
40.769052,-73.934206,ny_1162
40.767874,-73.934206,ny_1163
40.766696,-73.934206,ny_1164
40.765518,-73.934206,ny_1165
40.764339,-73.934206,ny_1166
40.763161,-73.934206,ny_1167
40.761983,-73.934206,ny_1168
40.760805,-73.934206,ny_1169
40.759626,-73.934206,ny_1170
40.758448,-73.934206,ny_1171
40.757269,-73.934206,ny_1172
40.756091,-73.934206,ny_1173
40.754913,-73.934206,ny_1174
40.753734,-73.934206,ny_1175
40.752556,-73.934206,ny_1176
40.751377,-73.934206,ny_1177
40.750199,-73.934206,ny_1178
40.74902,-73.934206,ny_1179
40.747842,-73.934206,ny_1180
40.746663,-73.934206,ny_1181
40.745484,-73.934206,ny_1182
40.744306,-73.934206,ny_1183
40.786723,-73.932637,ny_1184
40.785545,-73.932637,ny_1185
40.784367,-73.932637,ny_1186
40.783189,-73.932637,ny_1187
40.782011,-73.932637,ny_1188
40.780833,-73.932637,ny_1189
40.779655,-73.932637,ny_1190
40.778477,-73.932637,ny_1191
40.777299,-73.932637,ny_1192
40.776121,-73.932637,ny_1193
40.774943,-73.932637,ny_1194
40.773765,-73.932637,ny_1195
40.772587,-73.932637,ny_1196
40.771409,-73.932637,ny_1197
40.770231,-73.932637,ny_1198
40.769052,-73.932637,ny_1199
40.767874,-73.932637,ny_1200
40.766696,-73.932637,ny_1201
40.765518,-73.932637,ny_1202
40.764339,-73.932637,ny_1203
40.763161,-73.932637,ny_1204
40.761983,-73.932637,ny_1205
40.760805,-73.932637,ny_1206
40.759626,-73.932637,ny_1207
40.758448,-73.932637,ny_1208
40.757269,-73.932637,ny_1209
40.756091,-73.932637,ny_1210
40.754913,-73.932637,ny_1211
40.753734,-73.932637,ny_1212
40.752556,-73.932637,ny_1213
40.751377,-73.932637,ny_1214
40.750199,-73.932637,ny_1215
40.74902,-73.932637,ny_1216
40.747842,-73.932637,ny_1217
40.746663,-73.932637,ny_1218
40.745484,-73.932637,ny_1219
40.744306,-73.932637,ny_1220
40.786723,-73.931067,ny_1221
40.785545,-73.931067,ny_1222
40.784367,-73.931067,ny_1223
40.783189,-73.931067,ny_1224
40.782011,-73.931067,ny_1225
40.780833,-73.931067,ny_1226
40.779655,-73.931067,ny_1227
40.778477,-73.931067,ny_1228
40.777299,-73.931067,ny_1229
40.776121,-73.931067,ny_1230
40.774943,-73.931067,ny_1231
40.773765,-73.931067,ny_1232
40.772587,-73.931067,ny_1233
40.771409,-73.931067,ny_1234
40.770231,-73.931067,ny_1235
40.769052,-73.931067,ny_1236
40.767874,-73.931067,ny_1237
40.766696,-73.931067,ny_1238
40.765518,-73.931067,ny_1239
40.764339,-73.931067,ny_1240
40.763161,-73.931067,ny_1241
40.761983,-73.931067,ny_1242
40.760805,-73.931067,ny_1243
40.759626,-73.931067,ny_1244
40.758448,-73.931067,ny_1245
40.757269,-73.931067,ny_1246
40.756091,-73.931067,ny_1247
40.754913,-73.931067,ny_1248
40.753734,-73.931067,ny_1249
40.752556,-73.931067,ny_1250
40.751377,-73.931067,ny_1251
40.750199,-73.931067,ny_1252
40.74902,-73.931067,ny_1253
40.747842,-73.931067,ny_1254
40.746663,-73.931067,ny_1255
40.745484,-73.931067,ny_1256
40.744306,-73.931067,ny_1257
40.786723,-73.929498,ny_1258
40.785545,-73.929498,ny_1259
40.784367,-73.929498,ny_1260
40.783189,-73.929498,ny_1261
40.782011,-73.929498,ny_1262
40.780833,-73.929498,ny_1263
40.779655,-73.929498,ny_1264
40.778477,-73.929498,ny_1265
40.777299,-73.929498,ny_1266
40.776121,-73.929498,ny_1267
40.774943,-73.929498,ny_1268
40.773765,-73.929498,ny_1269
40.772587,-73.929498,ny_1270
40.771409,-73.929498,ny_1271
40.770231,-73.929498,ny_1272
40.769052,-73.929498,ny_1273
40.767874,-73.929498,ny_1274
40.766696,-73.929498,ny_1275
40.765518,-73.929498,ny_1276
40.764339,-73.929498,ny_1277
40.763161,-73.929498,ny_1278
40.761983,-73.929498,ny_1279
40.760805,-73.929498,ny_1280
40.759626,-73.929498,ny_1281
40.758448,-73.929498,ny_1282
40.757269,-73.929498,ny_1283
40.756091,-73.929498,ny_1284
40.754913,-73.929498,ny_1285
40.753734,-73.929498,ny_1286
40.752556,-73.929498,ny_1287
40.751377,-73.929498,ny_1288
40.750199,-73.929498,ny_1289
40.74902,-73.929498,ny_1290
40.747842,-73.929498,ny_1291
40.746663,-73.929498,ny_1292
40.745484,-73.929498,ny_1293
40.744306,-73.929498,ny_1294
40.786723,-73.927929,ny_1295
40.785545,-73.927929,ny_1296
40.784367,-73.927929,ny_1297
40.783189,-73.927929,ny_1298
40.782011,-73.927929,ny_1299
40.780833,-73.927929,ny_1300
40.779655,-73.927929,ny_1301
40.778477,-73.927929,ny_1302
40.777299,-73.927929,ny_1303
40.776121,-73.927929,ny_1304
40.774943,-73.927929,ny_1305
40.773765,-73.927929,ny_1306
40.772587,-73.927929,ny_1307
40.771409,-73.927929,ny_1308
40.770231,-73.927929,ny_1309
40.769052,-73.927929,ny_1310
40.767874,-73.927929,ny_1311
40.766696,-73.927929,ny_1312
40.765518,-73.927929,ny_1313
40.764339,-73.927929,ny_1314
40.763161,-73.927929,ny_1315
40.761983,-73.927929,ny_1316
40.760805,-73.927929,ny_1317
40.759626,-73.927929,ny_1318
40.758448,-73.927929,ny_1319
40.757269,-73.927929,ny_1320
40.756091,-73.927929,ny_1321
40.754913,-73.927929,ny_1322
40.753734,-73.927929,ny_1323
40.752556,-73.927929,ny_1324
40.751377,-73.927929,ny_1325
40.750199,-73.927929,ny_1326
40.74902,-73.927929,ny_1327
40.747842,-73.927929,ny_1328
40.746663,-73.927929,ny_1329
40.745484,-73.927929,ny_1330
40.744306,-73.927929,ny_1331
40.786723,-73.92636,ny_1332
40.785545,-73.92636,ny_1333
40.784367,-73.92636,ny_1334
40.783189,-73.92636,ny_1335
40.782011,-73.92636,ny_1336
40.780833,-73.92636,ny_1337
40.779655,-73.92636,ny_1338
40.778477,-73.92636,ny_1339
40.777299,-73.92636,ny_1340
40.776121,-73.92636,ny_1341
40.774943,-73.92636,ny_1342
40.773765,-73.92636,ny_1343
40.772587,-73.92636,ny_1344
40.771409,-73.92636,ny_1345
40.770231,-73.92636,ny_1346
40.769052,-73.92636,ny_1347
40.767874,-73.92636,ny_1348
40.766696,-73.92636,ny_1349
40.765518,-73.92636,ny_1350
40.764339,-73.92636,ny_1351
40.763161,-73.92636,ny_1352
40.761983,-73.92636,ny_1353
40.760805,-73.92636,ny_1354
40.759626,-73.92636,ny_1355
40.758448,-73.92636,ny_1356
40.757269,-73.92636,ny_1357
40.756091,-73.92636,ny_1358
40.754913,-73.92636,ny_1359
40.753734,-73.92636,ny_1360
40.752556,-73.92636,ny_1361
40.751377,-73.92636,ny_1362
40.750199,-73.92636,ny_1363
40.74902,-73.92636,ny_1364
40.747842,-73.92636,ny_1365
40.746663,-73.92636,ny_1366
40.745484,-73.92636,ny_1367
40.744306,-73.92636,ny_1368
40.786723,-73.924791,ny_1369
40.785545,-73.924791,ny_1370
40.784367,-73.924791,ny_1371
40.783189,-73.924791,ny_1372
40.782011,-73.924791,ny_1373
40.780833,-73.924791,ny_1374
40.779655,-73.924791,ny_1375
40.778477,-73.924791,ny_1376
40.777299,-73.924791,ny_1377
40.776121,-73.924791,ny_1378
40.774943,-73.924791,ny_1379
40.773765,-73.924791,ny_1380
40.772587,-73.924791,ny_1381
40.771409,-73.924791,ny_1382
40.770231,-73.924791,ny_1383
40.769052,-73.924791,ny_1384
40.767874,-73.924791,ny_1385
40.766696,-73.924791,ny_1386
40.765518,-73.924791,ny_1387
40.764339,-73.924791,ny_1388
40.763161,-73.924791,ny_1389
40.761983,-73.924791,ny_1390
40.760805,-73.924791,ny_1391
40.759626,-73.924791,ny_1392
40.758448,-73.924791,ny_1393
40.757269,-73.924791,ny_1394
40.756091,-73.924791,ny_1395
40.754913,-73.924791,ny_1396
40.753734,-73.924791,ny_1397
40.752556,-73.924791,ny_1398
40.751377,-73.924791,ny_1399
40.750199,-73.924791,ny_1400
40.74902,-73.924791,ny_1401
40.747842,-73.924791,ny_1402
40.746663,-73.924791,ny_1403
40.745484,-73.924791,ny_1404
40.744306,-73.924791,ny_1405
40.786723,-73.923222,ny_1406
40.785545,-73.923222,ny_1407
40.784367,-73.923222,ny_1408
40.783189,-73.923222,ny_1409
40.782011,-73.923222,ny_1410
40.780833,-73.923222,ny_1411
40.779655,-73.923222,ny_1412
40.778477,-73.923222,ny_1413
40.777299,-73.923222,ny_1414
40.776121,-73.923222,ny_1415
40.774943,-73.923222,ny_1416
40.773765,-73.923222,ny_1417
40.772587,-73.923222,ny_1418
40.771409,-73.923222,ny_1419
40.770231,-73.923222,ny_1420
40.769052,-73.923222,ny_1421
40.767874,-73.923222,ny_1422
40.766696,-73.923222,ny_1423
40.765518,-73.923222,ny_1424
40.764339,-73.923222,ny_1425
40.763161,-73.923222,ny_1426
40.761983,-73.923222,ny_1427
40.760805,-73.923222,ny_1428
40.759626,-73.923222,ny_1429
40.758448,-73.923222,ny_1430
40.757269,-73.923222,ny_1431
40.756091,-73.923222,ny_1432
40.754913,-73.923222,ny_1433
40.753734,-73.923222,ny_1434
40.752556,-73.923222,ny_1435
40.751377,-73.923222,ny_1436
40.750199,-73.923222,ny_1437
40.74902,-73.923222,ny_1438
40.747842,-73.923222,ny_1439
40.746663,-73.923222,ny_1440
40.745484,-73.923222,ny_1441
40.744306,-73.923222,ny_1442
40.786723,-73.921653,ny_1443
40.785545,-73.921653,ny_1444
40.784367,-73.921653,ny_1445
40.783189,-73.921653,ny_1446
40.782011,-73.921653,ny_1447
40.780833,-73.921653,ny_1448
40.779655,-73.921653,ny_1449
40.778477,-73.921653,ny_1450
40.777299,-73.921653,ny_1451
40.776121,-73.921653,ny_1452
40.774943,-73.921653,ny_1453
40.773765,-73.921653,ny_1454
40.772587,-73.921653,ny_1455
40.771409,-73.921653,ny_1456
40.770231,-73.921653,ny_1457
40.769052,-73.921653,ny_1458
40.767874,-73.921653,ny_1459
40.766696,-73.921653,ny_1460
40.765518,-73.921653,ny_1461
40.764339,-73.921653,ny_1462
40.763161,-73.921653,ny_1463
40.761983,-73.921653,ny_1464
40.760805,-73.921653,ny_1465
40.759626,-73.921653,ny_1466
40.758448,-73.921653,ny_1467
40.757269,-73.921653,ny_1468
40.756091,-73.921653,ny_1469
40.754913,-73.921653,ny_1470
40.753734,-73.921653,ny_1471
40.752556,-73.921653,ny_1472
40.751377,-73.921653,ny_1473
40.750199,-73.921653,ny_1474
40.74902,-73.921653,ny_1475
40.747842,-73.921653,ny_1476
40.746663,-73.921653,ny_1477
40.745484,-73.921653,ny_1478
40.744306,-73.921653,ny_1479
40.786723,-73.920084,ny_1480
40.785545,-73.920084,ny_1481
40.784367,-73.920084,ny_1482
40.783189,-73.920084,ny_1483
40.782011,-73.920084,ny_1484
40.780833,-73.920084,ny_1485
40.779655,-73.920084,ny_1486
40.778477,-73.920084,ny_1487
40.777299,-73.920084,ny_1488
40.776121,-73.920084,ny_1489
40.774943,-73.920084,ny_1490
40.773765,-73.920084,ny_1491
40.772587,-73.920084,ny_1492
40.771409,-73.920084,ny_1493
40.770231,-73.920084,ny_1494
40.769052,-73.920084,ny_1495
40.767874,-73.920084,ny_1496
40.766696,-73.920084,ny_1497
40.765518,-73.920084,ny_1498
40.764339,-73.920084,ny_1499
40.763161,-73.920084,ny_1500
40.761983,-73.920084,ny_1501
40.760805,-73.920084,ny_1502
40.759626,-73.920084,ny_1503
40.758448,-73.920084,ny_1504
40.757269,-73.920084,ny_1505
40.756091,-73.920084,ny_1506
40.754913,-73.920084,ny_1507
40.753734,-73.920084,ny_1508
40.752556,-73.920084,ny_1509
40.751377,-73.920084,ny_1510
40.750199,-73.920084,ny_1511
40.74902,-73.920084,ny_1512
40.747842,-73.920084,ny_1513
40.746663,-73.920084,ny_1514
40.745484,-73.920084,ny_1515
40.744306,-73.920084,ny_1516
40.786723,-73.918515,ny_1517
40.785545,-73.918515,ny_1518
40.784367,-73.918515,ny_1519
40.783189,-73.918515,ny_1520
40.782011,-73.918515,ny_1521
40.780833,-73.918515,ny_1522
40.779655,-73.918515,ny_1523
40.778477,-73.918515,ny_1524
40.777299,-73.918515,ny_1525
40.776121,-73.918515,ny_1526
40.774943,-73.918515,ny_1527
40.773765,-73.918515,ny_1528
40.772587,-73.918515,ny_1529
40.771409,-73.918515,ny_1530
40.770231,-73.918515,ny_1531
40.769052,-73.918515,ny_1532
40.767874,-73.918515,ny_1533
40.766696,-73.918515,ny_1534
40.765518,-73.918515,ny_1535
40.764339,-73.918515,ny_1536
40.763161,-73.918515,ny_1537
40.761983,-73.918515,ny_1538
40.760805,-73.918515,ny_1539
40.759626,-73.918515,ny_1540
40.758448,-73.918515,ny_1541
40.757269,-73.918515,ny_1542
40.756091,-73.918515,ny_1543
40.754913,-73.918515,ny_1544
40.753734,-73.918515,ny_1545
40.752556,-73.918515,ny_1546
40.751377,-73.918515,ny_1547
40.750199,-73.918515,ny_1548
40.74902,-73.918515,ny_1549
40.747842,-73.918515,ny_1550
40.746663,-73.918515,ny_1551
40.745484,-73.918515,ny_1552
40.744306,-73.918515,ny_1553
40.786723,-73.916946,ny_1554
40.785545,-73.916946,ny_1555
40.784367,-73.916946,ny_1556
40.783189,-73.916946,ny_1557
40.782011,-73.916946,ny_1558
40.780833,-73.916946,ny_1559
40.779655,-73.916946,ny_1560
40.778477,-73.916946,ny_1561
40.777299,-73.916946,ny_1562
40.776121,-73.916946,ny_1563
40.774943,-73.916946,ny_1564
40.773765,-73.916946,ny_1565
40.772587,-73.916946,ny_1566
40.771409,-73.916946,ny_1567
40.770231,-73.916946,ny_1568
40.769052,-73.916946,ny_1569
40.767874,-73.916946,ny_1570
40.766696,-73.916946,ny_1571
40.765518,-73.916946,ny_1572
40.764339,-73.916946,ny_1573
40.763161,-73.916946,ny_1574
40.761983,-73.916946,ny_1575
40.760805,-73.916946,ny_1576
40.759626,-73.916946,ny_1577
40.758448,-73.916946,ny_1578
40.757269,-73.916946,ny_1579
40.756091,-73.916946,ny_1580
40.754913,-73.916946,ny_1581
40.753734,-73.916946,ny_1582
40.752556,-73.916946,ny_1583
40.751377,-73.916946,ny_1584
40.750199,-73.916946,ny_1585
40.74902,-73.916946,ny_1586
40.747842,-73.916946,ny_1587
40.746663,-73.916946,ny_1588
40.745484,-73.916946,ny_1589
40.744306,-73.916946,ny_1590
40.786723,-73.915376,ny_1591
40.785545,-73.915376,ny_1592
40.784367,-73.915376,ny_1593
40.783189,-73.915376,ny_1594
40.782011,-73.915376,ny_1595
40.780833,-73.915376,ny_1596
40.779655,-73.915376,ny_1597
40.778477,-73.915376,ny_1598
40.777299,-73.915376,ny_1599
40.776121,-73.915376,ny_1600
40.774943,-73.915376,ny_1601
40.773765,-73.915376,ny_1602
40.772587,-73.915376,ny_1603
40.771409,-73.915376,ny_1604
40.770231,-73.915376,ny_1605
40.769052,-73.915376,ny_1606
40.767874,-73.915376,ny_1607
40.766696,-73.915376,ny_1608
40.765518,-73.915376,ny_1609
40.764339,-73.915376,ny_1610
40.763161,-73.915376,ny_1611
40.761983,-73.915376,ny_1612
40.760805,-73.915376,ny_1613
40.759626,-73.915376,ny_1614
40.758448,-73.915376,ny_1615
40.757269,-73.915376,ny_1616
40.756091,-73.915376,ny_1617
40.754913,-73.915376,ny_1618
40.753734,-73.915376,ny_1619
40.752556,-73.915376,ny_1620
40.751377,-73.915376,ny_1621
40.750199,-73.915376,ny_1622
40.74902,-73.915376,ny_1623
40.747842,-73.915376,ny_1624
40.746663,-73.915376,ny_1625
40.745484,-73.915376,ny_1626
40.744306,-73.915376,ny_1627
40.786723,-73.913807,ny_1628
40.785545,-73.913807,ny_1629
40.784367,-73.913807,ny_1630
40.783189,-73.913807,ny_1631
40.782011,-73.913807,ny_1632
40.780833,-73.913807,ny_1633
40.779655,-73.913807,ny_1634
40.778477,-73.913807,ny_1635
40.777299,-73.913807,ny_1636
40.776121,-73.913807,ny_1637
40.774943,-73.913807,ny_1638
40.773765,-73.913807,ny_1639
40.772587,-73.913807,ny_1640
40.771409,-73.913807,ny_1641
40.770231,-73.913807,ny_1642
40.769052,-73.913807,ny_1643
40.767874,-73.913807,ny_1644
40.766696,-73.913807,ny_1645
40.765518,-73.913807,ny_1646
40.764339,-73.913807,ny_1647
40.763161,-73.913807,ny_1648
40.761983,-73.913807,ny_1649
40.760805,-73.913807,ny_1650
40.759626,-73.913807,ny_1651
40.758448,-73.913807,ny_1652
40.757269,-73.913807,ny_1653
40.756091,-73.913807,ny_1654
40.754913,-73.913807,ny_1655
40.753734,-73.913807,ny_1656
40.752556,-73.913807,ny_1657
40.751377,-73.913807,ny_1658
40.750199,-73.913807,ny_1659
40.74902,-73.913807,ny_1660
40.747842,-73.913807,ny_1661
40.746663,-73.913807,ny_1662
40.745484,-73.913807,ny_1663
40.744306,-73.913807,ny_1664
40.786723,-73.912238,ny_1665
40.785545,-73.912238,ny_1666
40.784367,-73.912238,ny_1667
40.783189,-73.912238,ny_1668
40.782011,-73.912238,ny_1669
40.780833,-73.912238,ny_1670
40.779655,-73.912238,ny_1671
40.778477,-73.912238,ny_1672
40.777299,-73.912238,ny_1673
40.776121,-73.912238,ny_1674
40.774943,-73.912238,ny_1675
40.773765,-73.912238,ny_1676
40.772587,-73.912238,ny_1677
40.771409,-73.912238,ny_1678
40.770231,-73.912238,ny_1679
40.769052,-73.912238,ny_1680
40.767874,-73.912238,ny_1681
40.766696,-73.912238,ny_1682
40.765518,-73.912238,ny_1683
40.764339,-73.912238,ny_1684
40.763161,-73.912238,ny_1685
40.761983,-73.912238,ny_1686
40.760805,-73.912238,ny_1687
40.759626,-73.912238,ny_1688
40.758448,-73.912238,ny_1689
40.757269,-73.912238,ny_1690
40.756091,-73.912238,ny_1691
40.754913,-73.912238,ny_1692
40.753734,-73.912238,ny_1693
40.752556,-73.912238,ny_1694
40.751377,-73.912238,ny_1695
40.750199,-73.912238,ny_1696
40.74902,-73.912238,ny_1697
40.747842,-73.912238,ny_1698
40.746663,-73.912238,ny_1699
40.745484,-73.912238,ny_1700
40.744306,-73.912238,ny_1701
40.786723,-73.910669,ny_1702
40.785545,-73.910669,ny_1703
40.784367,-73.910669,ny_1704
40.783189,-73.910669,ny_1705
40.782011,-73.910669,ny_1706
40.780833,-73.910669,ny_1707
40.779655,-73.910669,ny_1708
40.778477,-73.910669,ny_1709
40.777299,-73.910669,ny_1710
40.776121,-73.910669,ny_1711
40.774943,-73.910669,ny_1712
40.773765,-73.910669,ny_1713
40.772587,-73.910669,ny_1714
40.771409,-73.910669,ny_1715
40.770231,-73.910669,ny_1716
40.769052,-73.910669,ny_1717
40.767874,-73.910669,ny_1718
40.766696,-73.910669,ny_1719
40.765518,-73.910669,ny_1720
40.764339,-73.910669,ny_1721
40.763161,-73.910669,ny_1722
40.761983,-73.910669,ny_1723
40.760805,-73.910669,ny_1724
40.759626,-73.910669,ny_1725
40.758448,-73.910669,ny_1726
40.757269,-73.910669,ny_1727
40.756091,-73.910669,ny_1728
40.754913,-73.910669,ny_1729
40.753734,-73.910669,ny_1730
40.752556,-73.910669,ny_1731
40.751377,-73.910669,ny_1732
40.750199,-73.910669,ny_1733
40.74902,-73.910669,ny_1734
40.747842,-73.910669,ny_1735
40.746663,-73.910669,ny_1736
40.745484,-73.910669,ny_1737
40.744306,-73.910669,ny_1738
40.786723,-73.9091,ny_1739
40.785545,-73.9091,ny_1740
40.784367,-73.9091,ny_1741
40.783189,-73.9091,ny_1742
40.782011,-73.9091,ny_1743
40.780833,-73.9091,ny_1744
40.779655,-73.9091,ny_1745
40.778477,-73.9091,ny_1746
40.777299,-73.9091,ny_1747
40.776121,-73.9091,ny_1748
40.774943,-73.9091,ny_1749
40.773765,-73.9091,ny_1750
40.772587,-73.9091,ny_1751
40.771409,-73.9091,ny_1752
40.770231,-73.9091,ny_1753
40.769052,-73.9091,ny_1754
40.767874,-73.9091,ny_1755
40.766696,-73.9091,ny_1756
40.765518,-73.9091,ny_1757
40.764339,-73.9091,ny_1758
40.763161,-73.9091,ny_1759
40.761983,-73.9091,ny_1760
40.760805,-73.9091,ny_1761
40.759626,-73.9091,ny_1762
40.758448,-73.9091,ny_1763
40.757269,-73.9091,ny_1764
40.756091,-73.9091,ny_1765
40.754913,-73.9091,ny_1766
40.753734,-73.9091,ny_1767
40.752556,-73.9091,ny_1768
40.751377,-73.9091,ny_1769
40.750199,-73.9091,ny_1770
40.74902,-73.9091,ny_1771
40.747842,-73.9091,ny_1772
40.746663,-73.9091,ny_1773
40.745484,-73.9091,ny_1774
40.744306,-73.9091,ny_1775
40.786723,-73.907531,ny_1776
40.785545,-73.907531,ny_1777
40.784367,-73.907531,ny_1778
40.783189,-73.907531,ny_1779
40.782011,-73.907531,ny_1780
40.780833,-73.907531,ny_1781
40.779655,-73.907531,ny_1782
40.778477,-73.907531,ny_1783
40.777299,-73.907531,ny_1784
40.776121,-73.907531,ny_1785
40.774943,-73.907531,ny_1786
40.773765,-73.907531,ny_1787
40.772587,-73.907531,ny_1788
40.771409,-73.907531,ny_1789
40.770231,-73.907531,ny_1790
40.769052,-73.907531,ny_1791
40.767874,-73.907531,ny_1792
40.766696,-73.907531,ny_1793
40.765518,-73.907531,ny_1794
40.764339,-73.907531,ny_1795
40.763161,-73.907531,ny_1796
40.761983,-73.907531,ny_1797
40.760805,-73.907531,ny_1798
40.759626,-73.907531,ny_1799
40.758448,-73.907531,ny_1800
40.757269,-73.907531,ny_1801
40.756091,-73.907531,ny_1802
40.754913,-73.907531,ny_1803
40.753734,-73.907531,ny_1804
40.752556,-73.907531,ny_1805
40.751377,-73.907531,ny_1806
40.750199,-73.907531,ny_1807
40.74902,-73.907531,ny_1808
40.747842,-73.907531,ny_1809
40.746663,-73.907531,ny_1810
40.745484,-73.907531,ny_1811
40.744306,-73.907531,ny_1812
40.786723,-73.905962,ny_1813
40.785545,-73.905962,ny_1814
40.784367,-73.905962,ny_1815
40.783189,-73.905962,ny_1816
40.782011,-73.905962,ny_1817
40.780833,-73.905962,ny_1818
40.779655,-73.905962,ny_1819
40.778477,-73.905962,ny_1820
40.777299,-73.905962,ny_1821
40.776121,-73.905962,ny_1822
40.774943,-73.905962,ny_1823
40.773765,-73.905962,ny_1824
40.772587,-73.905962,ny_1825
40.771409,-73.905962,ny_1826
40.770231,-73.905962,ny_1827
40.769052,-73.905962,ny_1828
40.767874,-73.905962,ny_1829
40.766696,-73.905962,ny_1830
40.765518,-73.905962,ny_1831
40.764339,-73.905962,ny_1832
40.763161,-73.905962,ny_1833
40.761983,-73.905962,ny_1834
40.760805,-73.905962,ny_1835
40.759626,-73.905962,ny_1836
40.758448,-73.905962,ny_1837
40.757269,-73.905962,ny_1838
40.756091,-73.905962,ny_1839
40.754913,-73.905962,ny_1840
40.753734,-73.905962,ny_1841
40.752556,-73.905962,ny_1842
40.751377,-73.905962,ny_1843
40.750199,-73.905962,ny_1844
40.74902,-73.905962,ny_1845
40.747842,-73.905962,ny_1846
40.746663,-73.905962,ny_1847
40.745484,-73.905962,ny_1848
40.744306,-73.905962,ny_1849
40.786723,-73.904393,ny_1850
40.785545,-73.904393,ny_1851
40.784367,-73.904393,ny_1852
40.783189,-73.904393,ny_1853
40.782011,-73.904393,ny_1854
40.780833,-73.904393,ny_1855
40.779655,-73.904393,ny_1856
40.778477,-73.904393,ny_1857
40.777299,-73.904393,ny_1858
40.776121,-73.904393,ny_1859
40.774943,-73.904393,ny_1860
40.773765,-73.904393,ny_1861
40.772587,-73.904393,ny_1862
40.771409,-73.904393,ny_1863
40.770231,-73.904393,ny_1864
40.769052,-73.904393,ny_1865
40.767874,-73.904393,ny_1866
40.766696,-73.904393,ny_1867
40.765518,-73.904393,ny_1868
40.764339,-73.904393,ny_1869
40.763161,-73.904393,ny_1870
40.761983,-73.904393,ny_1871
40.760805,-73.904393,ny_1872
40.759626,-73.904393,ny_1873
40.758448,-73.904393,ny_1874
40.757269,-73.904393,ny_1875
40.756091,-73.904393,ny_1876
40.754913,-73.904393,ny_1877
40.753734,-73.904393,ny_1878
40.752556,-73.904393,ny_1879
40.751377,-73.904393,ny_1880
40.750199,-73.904393,ny_1881
40.74902,-73.904393,ny_1882
40.747842,-73.904393,ny_1883
40.746663,-73.904393,ny_1884
40.745484,-73.904393,ny_1885
40.744306,-73.904393,ny_1886
40.786723,-73.902824,ny_1887
40.785545,-73.902824,ny_1888
40.784367,-73.902824,ny_1889
40.783189,-73.902824,ny_1890
40.782011,-73.902824,ny_1891
40.780833,-73.902824,ny_1892
40.779655,-73.902824,ny_1893
40.778477,-73.902824,ny_1894
40.777299,-73.902824,ny_1895
40.776121,-73.902824,ny_1896
40.774943,-73.902824,ny_1897
40.773765,-73.902824,ny_1898
40.772587,-73.902824,ny_1899
40.771409,-73.902824,ny_1900
40.770231,-73.902824,ny_1901
40.769052,-73.902824,ny_1902
40.767874,-73.902824,ny_1903
40.766696,-73.902824,ny_1904
40.765518,-73.902824,ny_1905
40.764339,-73.902824,ny_1906
40.763161,-73.902824,ny_1907
40.761983,-73.902824,ny_1908
40.760805,-73.902824,ny_1909
40.759626,-73.902824,ny_1910
40.758448,-73.902824,ny_1911
40.757269,-73.902824,ny_1912
40.756091,-73.902824,ny_1913
40.754913,-73.902824,ny_1914
40.753734,-73.902824,ny_1915
40.752556,-73.902824,ny_1916
40.751377,-73.902824,ny_1917
40.750199,-73.902824,ny_1918
40.74902,-73.902824,ny_1919
40.747842,-73.902824,ny_1920
40.746663,-73.902824,ny_1921
40.745484,-73.902824,ny_1922
40.744306,-73.902824,ny_1923
40.786723,-73.901255,ny_1924
40.785545,-73.901255,ny_1925
40.784367,-73.901255,ny_1926
40.783189,-73.901255,ny_1927
40.782011,-73.901255,ny_1928
40.780833,-73.901255,ny_1929
40.779655,-73.901255,ny_1930
40.778477,-73.901255,ny_1931
40.777299,-73.901255,ny_1932
40.776121,-73.901255,ny_1933
40.774943,-73.901255,ny_1934
40.773765,-73.901255,ny_1935
40.772587,-73.901255,ny_1936
40.771409,-73.901255,ny_1937
40.770231,-73.901255,ny_1938
40.769052,-73.901255,ny_1939
40.767874,-73.901255,ny_1940
40.766696,-73.901255,ny_1941
40.765518,-73.901255,ny_1942
40.764339,-73.901255,ny_1943
40.763161,-73.901255,ny_1944
40.761983,-73.901255,ny_1945
40.760805,-73.901255,ny_1946
40.759626,-73.901255,ny_1947
40.758448,-73.901255,ny_1948
40.757269,-73.901255,ny_1949
40.756091,-73.901255,ny_1950
40.754913,-73.901255,ny_1951
40.753734,-73.901255,ny_1952
40.752556,-73.901255,ny_1953
40.751377,-73.901255,ny_1954
40.750199,-73.901255,ny_1955
40.74902,-73.901255,ny_1956
40.747842,-73.901255,ny_1957
40.746663,-73.901255,ny_1958
40.745484,-73.901255,ny_1959
40.744306,-73.901255,ny_1960
40.786723,-73.899686,ny_1961
40.785545,-73.899686,ny_1962
40.784367,-73.899686,ny_1963
40.783189,-73.899686,ny_1964
40.782011,-73.899686,ny_1965
40.780833,-73.899686,ny_1966
40.779655,-73.899686,ny_1967
40.778477,-73.899686,ny_1968
40.777299,-73.899686,ny_1969
40.776121,-73.899686,ny_1970
40.774943,-73.899686,ny_1971
40.773765,-73.899686,ny_1972
40.772587,-73.899686,ny_1973
40.771409,-73.899686,ny_1974
40.770231,-73.899686,ny_1975
40.769052,-73.899686,ny_1976
40.767874,-73.899686,ny_1977
40.766696,-73.899686,ny_1978
40.765518,-73.899686,ny_1979
40.764339,-73.899686,ny_1980
40.763161,-73.899686,ny_1981
40.761983,-73.899686,ny_1982
40.760805,-73.899686,ny_1983
40.759626,-73.899686,ny_1984
40.758448,-73.899686,ny_1985
40.757269,-73.899686,ny_1986
40.756091,-73.899686,ny_1987
40.754913,-73.899686,ny_1988
40.753734,-73.899686,ny_1989
40.752556,-73.899686,ny_1990
40.751377,-73.899686,ny_1991
40.750199,-73.899686,ny_1992
40.74902,-73.899686,ny_1993
40.747842,-73.899686,ny_1994
40.746663,-73.899686,ny_1995
40.745484,-73.899686,ny_1996
40.744306,-73.899686,ny_1997
40.786723,-73.898116,ny_1998
40.785545,-73.898116,ny_1999
40.784367,-73.898116,ny_2000
40.783189,-73.898116,ny_2001
40.782011,-73.898116,ny_2002
40.780833,-73.898116,ny_2003
40.779655,-73.898116,ny_2004
40.778477,-73.898116,ny_2005
40.777299,-73.898116,ny_2006
40.776121,-73.898116,ny_2007
40.774943,-73.898116,ny_2008
40.773765,-73.898116,ny_2009
40.772587,-73.898116,ny_2010
40.771409,-73.898116,ny_2011
40.770231,-73.898116,ny_2012
40.769052,-73.898116,ny_2013
40.767874,-73.898116,ny_2014
40.766696,-73.898116,ny_2015
40.765518,-73.898116,ny_2016
40.764339,-73.898116,ny_2017
40.763161,-73.898116,ny_2018
40.761983,-73.898116,ny_2019
40.760805,-73.898116,ny_2020
40.759626,-73.898116,ny_2021
40.758448,-73.898116,ny_2022
40.757269,-73.898116,ny_2023
40.756091,-73.898116,ny_2024
40.754913,-73.898116,ny_2025
40.753734,-73.898116,ny_2026
40.752556,-73.898116,ny_2027
40.751377,-73.898116,ny_2028
40.750199,-73.898116,ny_2029
40.74902,-73.898116,ny_2030
40.747842,-73.898116,ny_2031
40.746663,-73.898116,ny_2032
40.745484,-73.898116,ny_2033
40.744306,-73.898116,ny_2034
40.786723,-73.896547,ny_2035
40.785545,-73.896547,ny_2036
40.784367,-73.896547,ny_2037
40.783189,-73.896547,ny_2038
40.782011,-73.896547,ny_2039
40.780833,-73.896547,ny_2040
40.779655,-73.896547,ny_2041
40.778477,-73.896547,ny_2042
40.777299,-73.896547,ny_2043
40.776121,-73.896547,ny_2044
40.774943,-73.896547,ny_2045
40.773765,-73.896547,ny_2046
40.772587,-73.896547,ny_2047
40.771409,-73.896547,ny_2048
40.770231,-73.896547,ny_2049
40.769052,-73.896547,ny_2050
40.767874,-73.896547,ny_2051
40.766696,-73.896547,ny_2052
40.765518,-73.896547,ny_2053
40.764339,-73.896547,ny_2054
40.763161,-73.896547,ny_2055
40.761983,-73.896547,ny_2056
40.760805,-73.896547,ny_2057
40.759626,-73.896547,ny_2058
40.758448,-73.896547,ny_2059
40.757269,-73.896547,ny_2060
40.756091,-73.896547,ny_2061
40.754913,-73.896547,ny_2062
40.753734,-73.896547,ny_2063
40.752556,-73.896547,ny_2064
40.751377,-73.896547,ny_2065
40.750199,-73.896547,ny_2066
40.74902,-73.896547,ny_2067
40.747842,-73.896547,ny_2068
40.746663,-73.896547,ny_2069
40.745484,-73.896547,ny_2070
40.744306,-73.896547,ny_2071
40.786723,-73.894978,ny_2072
40.785545,-73.894978,ny_2073
40.784367,-73.894978,ny_2074
40.783189,-73.894978,ny_2075
40.782011,-73.894978,ny_2076
40.780833,-73.894978,ny_2077
40.779655,-73.894978,ny_2078
40.778477,-73.894978,ny_2079
40.777299,-73.894978,ny_2080
40.776121,-73.894978,ny_2081
40.774943,-73.894978,ny_2082
40.773765,-73.894978,ny_2083
40.772587,-73.894978,ny_2084
40.771409,-73.894978,ny_2085
40.770231,-73.894978,ny_2086
40.769052,-73.894978,ny_2087
40.767874,-73.894978,ny_2088
40.766696,-73.894978,ny_2089
40.765518,-73.894978,ny_2090
40.764339,-73.894978,ny_2091
40.763161,-73.894978,ny_2092
40.761983,-73.894978,ny_2093
40.760805,-73.894978,ny_2094
40.759626,-73.894978,ny_2095
40.758448,-73.894978,ny_2096
40.757269,-73.894978,ny_2097
40.756091,-73.894978,ny_2098
40.754913,-73.894978,ny_2099
40.753734,-73.894978,ny_2100
40.752556,-73.894978,ny_2101
40.751377,-73.894978,ny_2102
40.750199,-73.894978,ny_2103
40.74902,-73.894978,ny_2104
40.747842,-73.894978,ny_2105
40.746663,-73.894978,ny_2106
40.745484,-73.894978,ny_2107
40.744306,-73.894978,ny_2108
40.786723,-73.893409,ny_2109
40.785545,-73.893409,ny_2110
40.784367,-73.893409,ny_2111
40.783189,-73.893409,ny_2112
40.782011,-73.893409,ny_2113
40.780833,-73.893409,ny_2114
40.779655,-73.893409,ny_2115
40.778477,-73.893409,ny_2116
40.777299,-73.893409,ny_2117
40.776121,-73.893409,ny_2118
40.774943,-73.893409,ny_2119
40.773765,-73.893409,ny_2120
40.772587,-73.893409,ny_2121
40.771409,-73.893409,ny_2122
40.770231,-73.893409,ny_2123
40.769052,-73.893409,ny_2124
40.767874,-73.893409,ny_2125
40.766696,-73.893409,ny_2126
40.765518,-73.893409,ny_2127
40.764339,-73.893409,ny_2128
40.763161,-73.893409,ny_2129
40.761983,-73.893409,ny_2130
40.760805,-73.893409,ny_2131
40.759626,-73.893409,ny_2132
40.758448,-73.893409,ny_2133
40.757269,-73.893409,ny_2134
40.756091,-73.893409,ny_2135
40.754913,-73.893409,ny_2136
40.753734,-73.893409,ny_2137
40.752556,-73.893409,ny_2138
40.751377,-73.893409,ny_2139
40.750199,-73.893409,ny_2140
40.74902,-73.893409,ny_2141
40.747842,-73.893409,ny_2142
40.746663,-73.893409,ny_2143
40.745484,-73.893409,ny_2144
40.744306,-73.893409,ny_2145
40.786723,-73.89184,ny_2146
40.785545,-73.89184,ny_2147
40.784367,-73.89184,ny_2148
40.783189,-73.89184,ny_2149
40.782011,-73.89184,ny_2150
40.780833,-73.89184,ny_2151
40.779655,-73.89184,ny_2152
40.778477,-73.89184,ny_2153
40.777299,-73.89184,ny_2154
40.776121,-73.89184,ny_2155
40.774943,-73.89184,ny_2156
40.773765,-73.89184,ny_2157
40.772587,-73.89184,ny_2158
40.771409,-73.89184,ny_2159
40.770231,-73.89184,ny_2160
40.769052,-73.89184,ny_2161
40.767874,-73.89184,ny_2162
40.766696,-73.89184,ny_2163
40.765518,-73.89184,ny_2164
40.764339,-73.89184,ny_2165
40.763161,-73.89184,ny_2166
40.761983,-73.89184,ny_2167
40.760805,-73.89184,ny_2168
40.759626,-73.89184,ny_2169
40.758448,-73.89184,ny_2170
40.757269,-73.89184,ny_2171
40.756091,-73.89184,ny_2172
40.754913,-73.89184,ny_2173
40.753734,-73.89184,ny_2174
40.752556,-73.89184,ny_2175
40.751377,-73.89184,ny_2176
40.750199,-73.89184,ny_2177
40.74902,-73.89184,ny_2178
40.747842,-73.89184,ny_2179
40.746663,-73.89184,ny_2180
40.745484,-73.89184,ny_2181
40.744306,-73.89184,ny_2182
40.786723,-73.890271,ny_2183
40.785545,-73.890271,ny_2184
40.784367,-73.890271,ny_2185
40.783189,-73.890271,ny_2186
40.782011,-73.890271,ny_2187
40.780833,-73.890271,ny_2188
40.779655,-73.890271,ny_2189
40.778477,-73.890271,ny_2190
40.777299,-73.890271,ny_2191
40.776121,-73.890271,ny_2192
40.774943,-73.890271,ny_2193
40.773765,-73.890271,ny_2194
40.772587,-73.890271,ny_2195
40.771409,-73.890271,ny_2196
40.770231,-73.890271,ny_2197
40.769052,-73.890271,ny_2198
40.767874,-73.890271,ny_2199
40.766696,-73.890271,ny_2200
40.765518,-73.890271,ny_2201
40.764339,-73.890271,ny_2202
40.763161,-73.890271,ny_2203
40.761983,-73.890271,ny_2204
40.760805,-73.890271,ny_2205
40.759626,-73.890271,ny_2206
40.758448,-73.890271,ny_2207
40.757269,-73.890271,ny_2208
40.756091,-73.890271,ny_2209
40.754913,-73.890271,ny_2210
40.753734,-73.890271,ny_2211
40.752556,-73.890271,ny_2212
40.751377,-73.890271,ny_2213
40.750199,-73.890271,ny_2214
40.74902,-73.890271,ny_2215
40.747842,-73.890271,ny_2216
40.746663,-73.890271,ny_2217
40.745484,-73.890271,ny_2218
40.744306,-73.890271,ny_2219
40.786723,-73.888702,ny_2220
40.785545,-73.888702,ny_2221
40.784367,-73.888702,ny_2222
40.783189,-73.888702,ny_2223
40.782011,-73.888702,ny_2224
40.780833,-73.888702,ny_2225
40.779655,-73.888702,ny_2226
40.778477,-73.888702,ny_2227
40.777299,-73.888702,ny_2228
40.776121,-73.888702,ny_2229
40.774943,-73.888702,ny_2230
40.773765,-73.888702,ny_2231
40.772587,-73.888702,ny_2232
40.771409,-73.888702,ny_2233
40.770231,-73.888702,ny_2234
40.769052,-73.888702,ny_2235
40.767874,-73.888702,ny_2236
40.766696,-73.888702,ny_2237
40.765518,-73.888702,ny_2238
40.764339,-73.888702,ny_2239
40.763161,-73.888702,ny_2240
40.761983,-73.888702,ny_2241
40.760805,-73.888702,ny_2242
40.759626,-73.888702,ny_2243
40.758448,-73.888702,ny_2244
40.757269,-73.888702,ny_2245
40.756091,-73.888702,ny_2246
40.754913,-73.888702,ny_2247
40.753734,-73.888702,ny_2248
40.752556,-73.888702,ny_2249
40.751377,-73.888702,ny_2250
40.750199,-73.888702,ny_2251
40.74902,-73.888702,ny_2252
40.747842,-73.888702,ny_2253
40.746663,-73.888702,ny_2254
40.745484,-73.888702,ny_2255
40.744306,-73.888702,ny_2256
40.786723,-73.887133,ny_2257
40.785545,-73.887133,ny_2258
40.784367,-73.887133,ny_2259
40.783189,-73.887133,ny_2260
40.782011,-73.887133,ny_2261
40.780833,-73.887133,ny_2262
40.779655,-73.887133,ny_2263
40.778477,-73.887133,ny_2264
40.777299,-73.887133,ny_2265
40.776121,-73.887133,ny_2266
40.774943,-73.887133,ny_2267
40.773765,-73.887133,ny_2268
40.772587,-73.887133,ny_2269
40.771409,-73.887133,ny_2270
40.770231,-73.887133,ny_2271
40.769052,-73.887133,ny_2272
40.767874,-73.887133,ny_2273
40.766696,-73.887133,ny_2274
40.765518,-73.887133,ny_2275
40.764339,-73.887133,ny_2276
40.763161,-73.887133,ny_2277
40.761983,-73.887133,ny_2278
40.760805,-73.887133,ny_2279
40.759626,-73.887133,ny_2280
40.758448,-73.887133,ny_2281
40.757269,-73.887133,ny_2282
40.756091,-73.887133,ny_2283
40.754913,-73.887133,ny_2284
40.753734,-73.887133,ny_2285
40.752556,-73.887133,ny_2286
40.751377,-73.887133,ny_2287
40.750199,-73.887133,ny_2288
40.74902,-73.887133,ny_2289
40.747842,-73.887133,ny_2290
40.746663,-73.887133,ny_2291
40.745484,-73.887133,ny_2292
40.744306,-73.887133,ny_2293
40.786723,-73.885564,ny_2294
40.785545,-73.885564,ny_2295
40.784367,-73.885564,ny_2296
40.783189,-73.885564,ny_2297
40.782011,-73.885564,ny_2298
40.780833,-73.885564,ny_2299
40.779655,-73.885564,ny_2300
40.778477,-73.885564,ny_2301
40.777299,-73.885564,ny_2302
40.776121,-73.885564,ny_2303
40.774943,-73.885564,ny_2304
40.773765,-73.885564,ny_2305
40.772587,-73.885564,ny_2306
40.771409,-73.885564,ny_2307
40.770231,-73.885564,ny_2308
40.769052,-73.885564,ny_2309
40.767874,-73.885564,ny_2310
40.766696,-73.885564,ny_2311
40.765518,-73.885564,ny_2312
40.764339,-73.885564,ny_2313
40.763161,-73.885564,ny_2314
40.761983,-73.885564,ny_2315
40.760805,-73.885564,ny_2316
40.759626,-73.885564,ny_2317
40.758448,-73.885564,ny_2318
40.757269,-73.885564,ny_2319
40.756091,-73.885564,ny_2320
40.754913,-73.885564,ny_2321
40.753734,-73.885564,ny_2322
40.752556,-73.885564,ny_2323
40.751377,-73.885564,ny_2324
40.750199,-73.885564,ny_2325
40.74902,-73.885564,ny_2326
40.747842,-73.885564,ny_2327
40.746663,-73.885564,ny_2328
40.745484,-73.885564,ny_2329
40.744306,-73.885564,ny_2330
40.786723,-73.883995,ny_2331
40.785545,-73.883995,ny_2332
40.784367,-73.883995,ny_2333
40.783189,-73.883995,ny_2334
40.782011,-73.883995,ny_2335
40.780833,-73.883995,ny_2336
40.779655,-73.883995,ny_2337
40.778477,-73.883995,ny_2338
40.777299,-73.883995,ny_2339
40.776121,-73.883995,ny_2340
40.774943,-73.883995,ny_2341
40.773765,-73.883995,ny_2342
40.772587,-73.883995,ny_2343
40.771409,-73.883995,ny_2344
40.770231,-73.883995,ny_2345
40.769052,-73.883995,ny_2346
40.767874,-73.883995,ny_2347
40.766696,-73.883995,ny_2348
40.765518,-73.883995,ny_2349
40.764339,-73.883995,ny_2350
40.763161,-73.883995,ny_2351
40.761983,-73.883995,ny_2352
40.760805,-73.883995,ny_2353
40.759626,-73.883995,ny_2354
40.758448,-73.883995,ny_2355
40.757269,-73.883995,ny_2356
40.756091,-73.883995,ny_2357
40.754913,-73.883995,ny_2358
40.753734,-73.883995,ny_2359
40.752556,-73.883995,ny_2360
40.751377,-73.883995,ny_2361
40.750199,-73.883995,ny_2362
40.74902,-73.883995,ny_2363
40.747842,-73.883995,ny_2364
40.746663,-73.883995,ny_2365
40.745484,-73.883995,ny_2366
40.744306,-73.883995,ny_2367
40.786723,-73.882426,ny_2368
40.785545,-73.882426,ny_2369
40.784367,-73.882426,ny_2370
40.783189,-73.882426,ny_2371
40.782011,-73.882426,ny_2372
40.780833,-73.882426,ny_2373
40.779655,-73.882426,ny_2374
40.778477,-73.882426,ny_2375
40.777299,-73.882426,ny_2376
40.776121,-73.882426,ny_2377
40.774943,-73.882426,ny_2378
40.773765,-73.882426,ny_2379
40.772587,-73.882426,ny_2380
40.771409,-73.882426,ny_2381
40.770231,-73.882426,ny_2382
40.769052,-73.882426,ny_2383
40.767874,-73.882426,ny_2384
40.766696,-73.882426,ny_2385
40.765518,-73.882426,ny_2386
40.764339,-73.882426,ny_2387
40.763161,-73.882426,ny_2388
40.761983,-73.882426,ny_2389
40.760805,-73.882426,ny_2390
40.759626,-73.882426,ny_2391
40.758448,-73.882426,ny_2392
40.757269,-73.882426,ny_2393
40.756091,-73.882426,ny_2394
40.754913,-73.882426,ny_2395
40.753734,-73.882426,ny_2396
40.752556,-73.882426,ny_2397
40.751377,-73.882426,ny_2398
40.750199,-73.882426,ny_2399
40.74902,-73.882426,ny_2400
40.747842,-73.882426,ny_2401
40.746663,-73.882426,ny_2402
40.745484,-73.882426,ny_2403
40.744306,-73.882426,ny_2404
40.786723,-73.880856,ny_2405
40.785545,-73.880856,ny_2406
40.784367,-73.880856,ny_2407
40.783189,-73.880856,ny_2408
40.782011,-73.880856,ny_2409
40.780833,-73.880856,ny_2410
40.779655,-73.880856,ny_2411
40.778477,-73.880856,ny_2412
40.777299,-73.880856,ny_2413
40.776121,-73.880856,ny_2414
40.774943,-73.880856,ny_2415
40.773765,-73.880856,ny_2416
40.772587,-73.880856,ny_2417
40.771409,-73.880856,ny_2418
40.770231,-73.880856,ny_2419
40.769052,-73.880856,ny_2420
40.767874,-73.880856,ny_2421
40.766696,-73.880856,ny_2422
40.765518,-73.880856,ny_2423
40.764339,-73.880856,ny_2424
40.763161,-73.880856,ny_2425
40.761983,-73.880856,ny_2426
40.760805,-73.880856,ny_2427
40.759626,-73.880856,ny_2428
40.758448,-73.880856,ny_2429
40.757269,-73.880856,ny_2430
40.756091,-73.880856,ny_2431
40.754913,-73.880856,ny_2432
40.753734,-73.880856,ny_2433
40.752556,-73.880856,ny_2434
40.751377,-73.880856,ny_2435
40.750199,-73.880856,ny_2436
40.74902,-73.880856,ny_2437
40.747842,-73.880856,ny_2438
40.746663,-73.880856,ny_2439
40.745484,-73.880856,ny_2440
40.744306,-73.880856,ny_2441
40.786723,-73.879287,ny_2442
40.785545,-73.879287,ny_2443
40.784367,-73.879287,ny_2444
40.783189,-73.879287,ny_2445
40.782011,-73.879287,ny_2446
40.780833,-73.879287,ny_2447
40.779655,-73.879287,ny_2448
40.778477,-73.879287,ny_2449
40.777299,-73.879287,ny_2450
40.776121,-73.879287,ny_2451
40.774943,-73.879287,ny_2452
40.773765,-73.879287,ny_2453
40.772587,-73.879287,ny_2454
40.771409,-73.879287,ny_2455
40.770231,-73.879287,ny_2456
40.769052,-73.879287,ny_2457
40.767874,-73.879287,ny_2458
40.766696,-73.879287,ny_2459
40.765518,-73.879287,ny_2460
40.764339,-73.879287,ny_2461
40.763161,-73.879287,ny_2462
40.761983,-73.879287,ny_2463
40.760805,-73.879287,ny_2464
40.759626,-73.879287,ny_2465
40.758448,-73.879287,ny_2466
40.757269,-73.879287,ny_2467
40.756091,-73.879287,ny_2468
40.754913,-73.879287,ny_2469
40.753734,-73.879287,ny_2470
40.752556,-73.879287,ny_2471
40.751377,-73.879287,ny_2472
40.750199,-73.879287,ny_2473
40.74902,-73.879287,ny_2474
40.747842,-73.879287,ny_2475
40.746663,-73.879287,ny_2476
40.745484,-73.879287,ny_2477
40.744306,-73.879287,ny_2478
40.786723,-73.877718,ny_2479
40.785545,-73.877718,ny_2480
40.784367,-73.877718,ny_2481
40.783189,-73.877718,ny_2482
40.782011,-73.877718,ny_2483
40.780833,-73.877718,ny_2484
40.779655,-73.877718,ny_2485
40.778477,-73.877718,ny_2486
40.777299,-73.877718,ny_2487
40.776121,-73.877718,ny_2488
40.774943,-73.877718,ny_2489
40.773765,-73.877718,ny_2490
40.772587,-73.877718,ny_2491
40.771409,-73.877718,ny_2492
40.770231,-73.877718,ny_2493
40.769052,-73.877718,ny_2494
40.767874,-73.877718,ny_2495
40.766696,-73.877718,ny_2496
40.765518,-73.877718,ny_2497
40.764339,-73.877718,ny_2498
40.763161,-73.877718,ny_2499
40.761983,-73.877718,ny_2500
40.760805,-73.877718,ny_2501
40.759626,-73.877718,ny_2502
40.758448,-73.877718,ny_2503
40.757269,-73.877718,ny_2504
40.756091,-73.877718,ny_2505
40.754913,-73.877718,ny_2506
40.753734,-73.877718,ny_2507
40.752556,-73.877718,ny_2508
40.751377,-73.877718,ny_2509
40.750199,-73.877718,ny_2510
40.74902,-73.877718,ny_2511
40.747842,-73.877718,ny_2512
40.746663,-73.877718,ny_2513
40.745484,-73.877718,ny_2514
40.744306,-73.877718,ny_2515
40.786723,-73.876149,ny_2516
40.785545,-73.876149,ny_2517
40.784367,-73.876149,ny_2518
40.783189,-73.876149,ny_2519
40.782011,-73.876149,ny_2520
40.780833,-73.876149,ny_2521
40.779655,-73.876149,ny_2522
40.778477,-73.876149,ny_2523
40.777299,-73.876149,ny_2524
40.776121,-73.876149,ny_2525
40.774943,-73.876149,ny_2526
40.773765,-73.876149,ny_2527
40.772587,-73.876149,ny_2528
40.771409,-73.876149,ny_2529
40.770231,-73.876149,ny_2530
40.769052,-73.876149,ny_2531
40.767874,-73.876149,ny_2532
40.766696,-73.876149,ny_2533
40.765518,-73.876149,ny_2534
40.764339,-73.876149,ny_2535
40.763161,-73.876149,ny_2536
40.761983,-73.876149,ny_2537
40.760805,-73.876149,ny_2538
40.759626,-73.876149,ny_2539
40.758448,-73.876149,ny_2540
40.757269,-73.876149,ny_2541
40.756091,-73.876149,ny_2542
40.754913,-73.876149,ny_2543
40.753734,-73.876149,ny_2544
40.752556,-73.876149,ny_2545
40.751377,-73.876149,ny_2546
40.750199,-73.876149,ny_2547
40.74902,-73.876149,ny_2548
40.747842,-73.876149,ny_2549
40.746663,-73.876149,ny_2550
40.745484,-73.876149,ny_2551
40.744306,-73.876149,ny_2552
40.786723,-73.87458,ny_2553
40.785545,-73.87458,ny_2554
40.784367,-73.87458,ny_2555
40.783189,-73.87458,ny_2556
40.782011,-73.87458,ny_2557
40.780833,-73.87458,ny_2558
40.779655,-73.87458,ny_2559
40.778477,-73.87458,ny_2560
40.777299,-73.87458,ny_2561
40.776121,-73.87458,ny_2562
40.774943,-73.87458,ny_2563
40.773765,-73.87458,ny_2564
40.772587,-73.87458,ny_2565
40.771409,-73.87458,ny_2566
40.770231,-73.87458,ny_2567
40.769052,-73.87458,ny_2568
40.767874,-73.87458,ny_2569
40.766696,-73.87458,ny_2570
40.765518,-73.87458,ny_2571
40.764339,-73.87458,ny_2572
40.763161,-73.87458,ny_2573
40.761983,-73.87458,ny_2574
40.760805,-73.87458,ny_2575
40.759626,-73.87458,ny_2576
40.758448,-73.87458,ny_2577
40.757269,-73.87458,ny_2578
40.756091,-73.87458,ny_2579
40.754913,-73.87458,ny_2580
40.753734,-73.87458,ny_2581
40.752556,-73.87458,ny_2582
40.751377,-73.87458,ny_2583
40.750199,-73.87458,ny_2584
40.74902,-73.87458,ny_2585
40.747842,-73.87458,ny_2586
40.746663,-73.87458,ny_2587
40.745484,-73.87458,ny_2588
40.744306,-73.87458,ny_2589
40.786723,-73.873011,ny_2590
40.785545,-73.873011,ny_2591
40.784367,-73.873011,ny_2592
40.783189,-73.873011,ny_2593
40.782011,-73.873011,ny_2594
40.780833,-73.873011,ny_2595
40.779655,-73.873011,ny_2596
40.778477,-73.873011,ny_2597
40.777299,-73.873011,ny_2598
40.776121,-73.873011,ny_2599
40.774943,-73.873011,ny_2600
40.773765,-73.873011,ny_2601
40.772587,-73.873011,ny_2602
40.771409,-73.873011,ny_2603
40.770231,-73.873011,ny_2604
40.769052,-73.873011,ny_2605
40.767874,-73.873011,ny_2606
40.766696,-73.873011,ny_2607
40.765518,-73.873011,ny_2608
40.764339,-73.873011,ny_2609
40.763161,-73.873011,ny_2610
40.761983,-73.873011,ny_2611
40.760805,-73.873011,ny_2612
40.759626,-73.873011,ny_2613
40.758448,-73.873011,ny_2614
40.757269,-73.873011,ny_2615
40.756091,-73.873011,ny_2616
40.754913,-73.873011,ny_2617
40.753734,-73.873011,ny_2618
40.752556,-73.873011,ny_2619
40.751377,-73.873011,ny_2620
40.750199,-73.873011,ny_2621
40.74902,-73.873011,ny_2622
40.747842,-73.873011,ny_2623
40.746663,-73.873011,ny_2624
40.745484,-73.873011,ny_2625
40.744306,-73.873011,ny_2626
40.786723,-73.871442,ny_2627
40.785545,-73.871442,ny_2628
40.784367,-73.871442,ny_2629
40.783189,-73.871442,ny_2630
40.782011,-73.871442,ny_2631
40.780833,-73.871442,ny_2632
40.779655,-73.871442,ny_2633
40.778477,-73.871442,ny_2634
40.777299,-73.871442,ny_2635
40.776121,-73.871442,ny_2636
40.774943,-73.871442,ny_2637
40.773765,-73.871442,ny_2638
40.772587,-73.871442,ny_2639
40.771409,-73.871442,ny_2640
40.770231,-73.871442,ny_2641
40.769052,-73.871442,ny_2642
40.767874,-73.871442,ny_2643
40.766696,-73.871442,ny_2644
40.765518,-73.871442,ny_2645
40.764339,-73.871442,ny_2646
40.763161,-73.871442,ny_2647
40.761983,-73.871442,ny_2648
40.760805,-73.871442,ny_2649
40.759626,-73.871442,ny_2650
40.758448,-73.871442,ny_2651
40.757269,-73.871442,ny_2652
40.756091,-73.871442,ny_2653
40.754913,-73.871442,ny_2654
40.753734,-73.871442,ny_2655
40.752556,-73.871442,ny_2656
40.751377,-73.871442,ny_2657
40.750199,-73.871442,ny_2658
40.74902,-73.871442,ny_2659
40.747842,-73.871442,ny_2660
40.746663,-73.871442,ny_2661
40.745484,-73.871442,ny_2662
40.744306,-73.871442,ny_2663
40.786723,-73.869873,ny_2664
40.785545,-73.869873,ny_2665
40.784367,-73.869873,ny_2666
40.783189,-73.869873,ny_2667
40.782011,-73.869873,ny_2668
40.780833,-73.869873,ny_2669
40.779655,-73.869873,ny_2670
40.778477,-73.869873,ny_2671
40.777299,-73.869873,ny_2672
40.776121,-73.869873,ny_2673
40.774943,-73.869873,ny_2674
40.773765,-73.869873,ny_2675
40.772587,-73.869873,ny_2676
40.771409,-73.869873,ny_2677
40.770231,-73.869873,ny_2678
40.769052,-73.869873,ny_2679
40.767874,-73.869873,ny_2680
40.766696,-73.869873,ny_2681
40.765518,-73.869873,ny_2682
40.764339,-73.869873,ny_2683
40.763161,-73.869873,ny_2684
40.761983,-73.869873,ny_2685
40.760805,-73.869873,ny_2686
40.759626,-73.869873,ny_2687
40.758448,-73.869873,ny_2688
40.757269,-73.869873,ny_2689
40.756091,-73.869873,ny_2690
40.754913,-73.869873,ny_2691
40.753734,-73.869873,ny_2692
40.752556,-73.869873,ny_2693
40.751377,-73.869873,ny_2694
40.750199,-73.869873,ny_2695
40.74902,-73.869873,ny_2696
40.747842,-73.869873,ny_2697
40.746663,-73.869873,ny_2698
40.745484,-73.869873,ny_2699
40.744306,-73.869873,ny_2700
40.786723,-73.868304,ny_2701
40.785545,-73.868304,ny_2702
40.784367,-73.868304,ny_2703
40.783189,-73.868304,ny_2704
40.782011,-73.868304,ny_2705
40.780833,-73.868304,ny_2706
40.779655,-73.868304,ny_2707
40.778477,-73.868304,ny_2708
40.777299,-73.868304,ny_2709
40.776121,-73.868304,ny_2710
40.774943,-73.868304,ny_2711
40.773765,-73.868304,ny_2712
40.772587,-73.868304,ny_2713
40.771409,-73.868304,ny_2714
40.770231,-73.868304,ny_2715
40.769052,-73.868304,ny_2716
40.767874,-73.868304,ny_2717
40.766696,-73.868304,ny_2718
40.765518,-73.868304,ny_2719
40.764339,-73.868304,ny_2720
40.763161,-73.868304,ny_2721
40.761983,-73.868304,ny_2722
40.760805,-73.868304,ny_2723
40.759626,-73.868304,ny_2724
40.758448,-73.868304,ny_2725
40.757269,-73.868304,ny_2726
40.756091,-73.868304,ny_2727
40.754913,-73.868304,ny_2728
40.753734,-73.868304,ny_2729
40.752556,-73.868304,ny_2730
40.751377,-73.868304,ny_2731
40.750199,-73.868304,ny_2732
40.74902,-73.868304,ny_2733
40.747842,-73.868304,ny_2734
40.746663,-73.868304,ny_2735
40.745484,-73.868304,ny_2736
40.744306,-73.868304,ny_2737
40.786723,-73.866735,ny_2738
40.785545,-73.866735,ny_2739
40.784367,-73.866735,ny_2740
40.783189,-73.866735,ny_2741
40.782011,-73.866735,ny_2742
40.780833,-73.866735,ny_2743
40.779655,-73.866735,ny_2744
40.778477,-73.866735,ny_2745
40.777299,-73.866735,ny_2746
40.776121,-73.866735,ny_2747
40.774943,-73.866735,ny_2748
40.773765,-73.866735,ny_2749
40.772587,-73.866735,ny_2750
40.771409,-73.866735,ny_2751
40.770231,-73.866735,ny_2752
40.769052,-73.866735,ny_2753
40.767874,-73.866735,ny_2754
40.766696,-73.866735,ny_2755
40.765518,-73.866735,ny_2756
40.764339,-73.866735,ny_2757
40.763161,-73.866735,ny_2758
40.761983,-73.866735,ny_2759
40.760805,-73.866735,ny_2760
40.759626,-73.866735,ny_2761
40.758448,-73.866735,ny_2762
40.757269,-73.866735,ny_2763
40.756091,-73.866735,ny_2764
40.754913,-73.866735,ny_2765
40.753734,-73.866735,ny_2766
40.752556,-73.866735,ny_2767
40.751377,-73.866735,ny_2768
40.750199,-73.866735,ny_2769
40.74902,-73.866735,ny_2770
40.747842,-73.866735,ny_2771
40.746663,-73.866735,ny_2772
40.745484,-73.866735,ny_2773
40.744306,-73.866735,ny_2774
40.786723,-73.865166,ny_2775
40.785545,-73.865166,ny_2776
40.784367,-73.865166,ny_2777
40.783189,-73.865166,ny_2778
40.782011,-73.865166,ny_2779
40.780833,-73.865166,ny_2780
40.779655,-73.865166,ny_2781
40.778477,-73.865166,ny_2782
40.777299,-73.865166,ny_2783
40.776121,-73.865166,ny_2784
40.774943,-73.865166,ny_2785
40.773765,-73.865166,ny_2786
40.772587,-73.865166,ny_2787
40.771409,-73.865166,ny_2788
40.770231,-73.865166,ny_2789
40.769052,-73.865166,ny_2790
40.767874,-73.865166,ny_2791
40.766696,-73.865166,ny_2792
40.765518,-73.865166,ny_2793
40.764339,-73.865166,ny_2794
40.763161,-73.865166,ny_2795
40.761983,-73.865166,ny_2796
40.760805,-73.865166,ny_2797
40.759626,-73.865166,ny_2798
40.758448,-73.865166,ny_2799
40.757269,-73.865166,ny_2800
40.756091,-73.865166,ny_2801
40.754913,-73.865166,ny_2802
40.753734,-73.865166,ny_2803
40.752556,-73.865166,ny_2804
40.751377,-73.865166,ny_2805
40.750199,-73.865166,ny_2806
40.74902,-73.865166,ny_2807
40.747842,-73.865166,ny_2808
40.746663,-73.865166,ny_2809
40.745484,-73.865166,ny_2810
40.744306,-73.865166,ny_2811
40.786723,-73.863596,ny_2812
40.785545,-73.863596,ny_2813
40.784367,-73.863596,ny_2814
40.783189,-73.863596,ny_2815
40.782011,-73.863596,ny_2816
40.780833,-73.863596,ny_2817
40.779655,-73.863596,ny_2818
40.778477,-73.863596,ny_2819
40.777299,-73.863596,ny_2820
40.776121,-73.863596,ny_2821
40.774943,-73.863596,ny_2822
40.773765,-73.863596,ny_2823
40.772587,-73.863596,ny_2824
40.771409,-73.863596,ny_2825
40.770231,-73.863596,ny_2826
40.769052,-73.863596,ny_2827
40.767874,-73.863596,ny_2828
40.766696,-73.863596,ny_2829
40.765518,-73.863596,ny_2830
40.764339,-73.863596,ny_2831
40.763161,-73.863596,ny_2832
40.761983,-73.863596,ny_2833
40.760805,-73.863596,ny_2834
40.759626,-73.863596,ny_2835
40.758448,-73.863596,ny_2836
40.757269,-73.863596,ny_2837
40.756091,-73.863596,ny_2838
40.754913,-73.863596,ny_2839
40.753734,-73.863596,ny_2840
40.752556,-73.863596,ny_2841
40.751377,-73.863596,ny_2842
40.750199,-73.863596,ny_2843
40.74902,-73.863596,ny_2844
40.747842,-73.863596,ny_2845
40.746663,-73.863596,ny_2846
40.745484,-73.863596,ny_2847
40.744306,-73.863596,ny_2848
40.786723,-73.862027,ny_2849
40.785545,-73.862027,ny_2850
40.784367,-73.862027,ny_2851
40.783189,-73.862027,ny_2852
40.782011,-73.862027,ny_2853
40.780833,-73.862027,ny_2854
40.779655,-73.862027,ny_2855
40.778477,-73.862027,ny_2856
40.777299,-73.862027,ny_2857
40.776121,-73.862027,ny_2858
40.774943,-73.862027,ny_2859
40.773765,-73.862027,ny_2860
40.772587,-73.862027,ny_2861
40.771409,-73.862027,ny_2862
40.770231,-73.862027,ny_2863
40.769052,-73.862027,ny_2864
40.767874,-73.862027,ny_2865
40.766696,-73.862027,ny_2866
40.765518,-73.862027,ny_2867
40.764339,-73.862027,ny_2868
40.763161,-73.862027,ny_2869
40.761983,-73.862027,ny_2870
40.760805,-73.862027,ny_2871
40.759626,-73.862027,ny_2872
40.758448,-73.862027,ny_2873
40.757269,-73.862027,ny_2874
40.756091,-73.862027,ny_2875
40.754913,-73.862027,ny_2876
40.753734,-73.862027,ny_2877
40.752556,-73.862027,ny_2878
40.751377,-73.862027,ny_2879
40.750199,-73.862027,ny_2880
40.74902,-73.862027,ny_2881
40.747842,-73.862027,ny_2882
40.746663,-73.862027,ny_2883
40.745484,-73.862027,ny_2884
40.744306,-73.862027,ny_2885
40.786723,-73.860458,ny_2886
40.785545,-73.860458,ny_2887
40.784367,-73.860458,ny_2888
40.783189,-73.860458,ny_2889
40.782011,-73.860458,ny_2890
40.780833,-73.860458,ny_2891
40.779655,-73.860458,ny_2892
40.778477,-73.860458,ny_2893
40.777299,-73.860458,ny_2894
40.776121,-73.860458,ny_2895
40.774943,-73.860458,ny_2896
40.773765,-73.860458,ny_2897
40.772587,-73.860458,ny_2898
40.771409,-73.860458,ny_2899
40.770231,-73.860458,ny_2900
40.769052,-73.860458,ny_2901
40.767874,-73.860458,ny_2902
40.766696,-73.860458,ny_2903
40.765518,-73.860458,ny_2904
40.764339,-73.860458,ny_2905
40.763161,-73.860458,ny_2906
40.761983,-73.860458,ny_2907
40.760805,-73.860458,ny_2908
40.759626,-73.860458,ny_2909
40.758448,-73.860458,ny_2910
40.757269,-73.860458,ny_2911
40.756091,-73.860458,ny_2912
40.754913,-73.860458,ny_2913
40.753734,-73.860458,ny_2914
40.752556,-73.860458,ny_2915
40.751377,-73.860458,ny_2916
40.750199,-73.860458,ny_2917
40.74902,-73.860458,ny_2918
40.747842,-73.860458,ny_2919
40.746663,-73.860458,ny_2920
40.745484,-73.860458,ny_2921
40.744306,-73.860458,ny_2922
40.786723,-73.858889,ny_2923
40.785545,-73.858889,ny_2924
40.784367,-73.858889,ny_2925
40.783189,-73.858889,ny_2926
40.782011,-73.858889,ny_2927
40.780833,-73.858889,ny_2928
40.779655,-73.858889,ny_2929
40.778477,-73.858889,ny_2930
40.777299,-73.858889,ny_2931
40.776121,-73.858889,ny_2932
40.774943,-73.858889,ny_2933
40.773765,-73.858889,ny_2934
40.772587,-73.858889,ny_2935
40.771409,-73.858889,ny_2936
40.770231,-73.858889,ny_2937
40.769052,-73.858889,ny_2938
40.767874,-73.858889,ny_2939
40.766696,-73.858889,ny_2940
40.765518,-73.858889,ny_2941
40.764339,-73.858889,ny_2942
40.763161,-73.858889,ny_2943
40.761983,-73.858889,ny_2944
40.760805,-73.858889,ny_2945
40.759626,-73.858889,ny_2946
40.758448,-73.858889,ny_2947
40.757269,-73.858889,ny_2948
40.756091,-73.858889,ny_2949
40.754913,-73.858889,ny_2950
40.753734,-73.858889,ny_2951
40.752556,-73.858889,ny_2952
40.751377,-73.858889,ny_2953
40.750199,-73.858889,ny_2954
40.74902,-73.858889,ny_2955
40.747842,-73.858889,ny_2956
40.746663,-73.858889,ny_2957
40.745484,-73.858889,ny_2958
40.744306,-73.858889,ny_2959
40.786723,-73.85732,ny_2960
40.785545,-73.85732,ny_2961
40.784367,-73.85732,ny_2962
40.783189,-73.85732,ny_2963
40.782011,-73.85732,ny_2964
40.780833,-73.85732,ny_2965
40.779655,-73.85732,ny_2966
40.778477,-73.85732,ny_2967
40.777299,-73.85732,ny_2968
40.776121,-73.85732,ny_2969
40.774943,-73.85732,ny_2970
40.773765,-73.85732,ny_2971
40.772587,-73.85732,ny_2972
40.771409,-73.85732,ny_2973
40.770231,-73.85732,ny_2974
40.769052,-73.85732,ny_2975
40.767874,-73.85732,ny_2976
40.766696,-73.85732,ny_2977
40.765518,-73.85732,ny_2978
40.764339,-73.85732,ny_2979
40.763161,-73.85732,ny_2980
40.761983,-73.85732,ny_2981
40.760805,-73.85732,ny_2982
40.759626,-73.85732,ny_2983
40.758448,-73.85732,ny_2984
40.757269,-73.85732,ny_2985
40.756091,-73.85732,ny_2986
40.754913,-73.85732,ny_2987
40.753734,-73.85732,ny_2988
40.752556,-73.85732,ny_2989
40.751377,-73.85732,ny_2990
40.750199,-73.85732,ny_2991
40.74902,-73.85732,ny_2992
40.747842,-73.85732,ny_2993
40.746663,-73.85732,ny_2994
40.745484,-73.85732,ny_2995
40.744306,-73.85732,ny_2996
40.786723,-73.855751,ny_2997
40.785545,-73.855751,ny_2998
40.784367,-73.855751,ny_2999
40.783189,-73.855751,ny_3000
40.782011,-73.855751,ny_3001
40.780833,-73.855751,ny_3002
40.779655,-73.855751,ny_3003
40.778477,-73.855751,ny_3004
40.777299,-73.855751,ny_3005
40.776121,-73.855751,ny_3006
40.774943,-73.855751,ny_3007
40.773765,-73.855751,ny_3008
40.772587,-73.855751,ny_3009
40.771409,-73.855751,ny_3010
40.770231,-73.855751,ny_3011
40.769052,-73.855751,ny_3012
40.767874,-73.855751,ny_3013
40.766696,-73.855751,ny_3014
40.765518,-73.855751,ny_3015
40.764339,-73.855751,ny_3016
40.763161,-73.855751,ny_3017
40.761983,-73.855751,ny_3018
40.760805,-73.855751,ny_3019
40.759626,-73.855751,ny_3020
40.758448,-73.855751,ny_3021
40.757269,-73.855751,ny_3022
40.756091,-73.855751,ny_3023
40.754913,-73.855751,ny_3024
40.753734,-73.855751,ny_3025
40.752556,-73.855751,ny_3026
40.751377,-73.855751,ny_3027
40.750199,-73.855751,ny_3028
40.74902,-73.855751,ny_3029
40.747842,-73.855751,ny_3030
40.746663,-73.855751,ny_3031
40.745484,-73.855751,ny_3032
40.744306,-73.855751,ny_3033
